발생일자,연도,시간,시간대,요일,지방청,해경서, 파출소,시·도,시·군·구,읍·면·동,상세주소,대분류,중분류,위치,대분류,세분류,위도,경도
2010-04-28,2010,18:20,,,남해 지방청,부산,다대 파출소,부산광역시,서구,원양로,감천항 동편부두 31~33번 선석,항포구,감천항,,침수,추락,35.06638889,129.0091667
2010-05-05,2010,06:10,오전,수요일,서해 지방청,부안,변산 파출소,전라북도,부안군,변산면,전북 부안군 변산면 격포리 격포항 변산파출소 30m,항포구,격포항,,침수,추락,35.62406944,126.4697444
2010-08-08,2010,11:54,,,서해 지방청,여수,나로도 파출소,전라남도,여수시,종화동,전남 고흥군 영남면 양화마을 선착장,항포구,선착장,,침수,추락,34.58849722,127.4594667
2010-08-12,2010,05:45,심야,목요일,서해 지방청,여수,봉산 파출소,전라남도,여수시,종화동,여수 종화동 하멜등대 ,항포구,종포항,하멜등대,,추락,34.73666389,127.7482139
2010-08-15,2010,10:30,오전,일요일,서해 지방청,목포,영광 파출소,전라남도,영광군,낙월면,전남 영광군 낙월면 상낙월리 도로변,해안가,,,침수,추락,35.20091667,126.1438444
2010-08-22,2010,04:50,심야,일요일,남해 지방청,울산,기장 파출소,울산광역시,기장군,기장읍,대변항 대변초등학교 앞 ,항포구,대변항,용암초등학교 앞,침수,추락,35.22442222,129.2272
2010-11-02,2010,11:15,오전,화요일,남해 지방청,울산,진하 파출소,울산광역시,울주군,서생면,울주군 서생면 진하해수욕장 아성일마레 오피스텔 앞 ,해안가,해안도로,,비침수,추락,35.38938889,129.3455
2010-11-15,2010,12:20,오후,월요일,제주 지방청,서귀포,서귀포 파출소,제주특별자치도,서귀포시,서홍동,서귀항,항포구,서귀항,,침수,추락,33.23931389,126.563775
2010-12-21,2010,14:00,오전,화요일,중부 지방청,인천,하늘바다 파출소,인천광역시,중구,중산동,영종도 구읍 뱃터 어선 선착장,항포구,구읍 뱃터,선착장,침수,추락,"37.493748,",126.581854
2010-12-22,2010,17:00,,,중부 지방청,인천,강화 파출소,인천광역시,강화군,내가면,황청포구 선착장 주차장 앞,항포구,황청포구,선착장,침수,추락,37.71219444,126.3531111
2011-01-01,2011,,,,서해 지방청,완도,완도 파출소,전라남도,완도군,신지면,완도군 신지면 동고리 선착장,항포구,동고리,선착장,침수,추락,34.32475,126.8818944
2011-01-03,2011,22:00,,,남해 지방청,울산, 온산 파출소,울산광역시,울주군,서생면,울주군 서생면 진하항 선착장 해안도로 ,항포구,진하항,해안도로,침수,추락,35.389325,129.3445306
2011-01-20,2011,06:13,,,제주 지방청,제주,제주 파출소,제주특별자치도,제주시,구좌읍,구좌읍 월정포구,항포구,월정포구,,침수,추락,33.55766667,126.7948333
2011-04-04,2011,,,,서해 지방청,완도,완도 파출소,전라남도,완도군,완도읍,완도읍 가용리 농공단지 풍선 축양장 부근,해안가,풍선,풍선 축양장,침수,추락,34.34378889,126.7371694
2011-04-11,2011,09:20,,,서해 지방청,여수,봉산 파출소,전라남도,여수시,종화동,여수시 종화동 해양공원 앞,해안가,해양공원 앞,,침수,추락,34.73803333,127.744925
2011-04-14,2011,,,,서해 지방청,목포,북항 파출소,전라남도,목포시,죽교동,북항 소형어선 물양장,항포구,북항,물량장,침수,추락,34.806575,126.3650083
2011-04-17,2011,09:10,,,서해 지방청,여수,녹동 파출소,전라남도,고흥군,도양읍,고흥 녹동 신항 여객선 터미널,항포구,녹동신항,여객선 터미널,침수,추락,34.52334167,127.1434944
2011-05-05,2011,,,,서해 지방청,완도,완도 파출소,전라남도,완도군,청산면,완도군 청산면 도청리항 자연식당 앞,항포구,청산도항,자연식당 앞,침수,추락,34.18117222,126.8549694
2011-05-06,2011,11:41,,,제주 지방청,제주,한림 파출소,제주특별자치도,제주시,한림읍,한림항내 이시돌 사료 공장 앞,해안가,,,침수,추락,33.41827778,126.2625278
2011-05-16,2011,08:40,,,중부 지방청,태안,대천 파출소,충청남도,보령시,신흑동,신협수협 인근 선착장,항포구,대천항,수협,침수,추락,36.32794444,126.5070028
2011-05-16,2011,16:28,,,제주 지방청,제주,한림 파출소,제주특별자치도,제주시,애월읍,애월읍 애월항 북방파제 모래야적장 앞 ,방파제,,,침수,추락,33.46747222,126.325
2011-05-23,2011,18:10,오후,,서해 지방청,부안,변산 파출소,전라북도,부안군,변산면,부안군 변산면 격포리 여객선 부두앞 ,항포구,격포항,슬립웨이,일부침수,추락,35.62054167,126.4701472
2011-05-23,2011,06:00,,,남해 지방청,울산, 방어진 파출소,울산광역시,동구,일산동,일산해수욕장 앞 회센터 앞 ,해안가,해안가,일산수산물 센터 앞,침수,추락,35.50027778,129.43475
2011-05-27,2011,19:05,오후,,서해 지방청,군산,비응 파출소,전라북도,군산시,비응도동,비응항 수협 제빙공장 앞 부두,항포구,비응항,수협 제빙공장,침수,추락,35.93456111,126.5316111
2011-06-09,2011,03:25,심야,목요일,중부 지방청,평택,당진 파출소,경기도,당진시,석문면,석문선착장 하단 부근,항포구,석문,선착장,,추락,36.99919167,126.6861056
2011-06-09,2011,,,,서해 지방청,목포,북항 파출소,전라남도,목포시,항동,목포여객선터미널,항포구,북항,,침수,추락,34.80530556,126.3645556
2011-06-18,2011,04:31,오전,,서해 지방청,군산,새만금 파출소,전라북도,군산시,옥도면,신시도 항,항포구,신시도항,슬립웨이,일부침수,추락,35.82315556,126.4740639
2011-06-18,2011,14:30,오후,,서해 지방청,군산,새만금 파출소,전라북도,군산시,옥도면,야미도리 선착장,항포구,야미도리,선착장,일부침수,추락,35.84071111,126.4888167
2011-06-24,2011,10:20,오전,금요일,남해 지방청,통영,고현 파출소,경상남도,거제시,둔덕면,거제시 둔덕면 어구 멍게하치장 30m앞 ,항포구,선착장,,침수,추락,34.82049167,128.5058167
2011-06-26,2011,01:00,,,제주 지방청,제주,제주 파출소,제주특별자치도,제주시,도두일동,도두항 미르호 선착장앞 ,항포구,미르호 선착장,,침수,추락,33.50805,126.4663167
2011-07-10,2011,08:10,오전,일요일,제주 지방청,서귀포,화순 파출소,제주특별자치도,서귀포시,안덕면,화순항 2부두,항포구,화순항 2부두,,침수,추락,33.23633611,126.3336194
2011-07-12,2011,13:00,,,중부 지방청,태안,대천 파출소,충청남도,보령시,신흑동,대천항 유람선선착장 인근 ,항포구,대천항,물량장,침수,추락,36.32763889,126.5124167
2011-07-24,2011,,,,서해 지방청,목포,영광 파출소,전라남도,영광군,홍농읍,계마항 북방파제 옆 안벽,항포구,계마항,북방파제 옆,비침수,추락,35.39425833,126.4038444
2011-07-26,2011,01:08,심야,화요일,남해 지방청,통영,통영 파출소,경상남도,통영시,사등면,통영시 한산면 소고포 카페리선착장(한산도-거제 어구)앞 ,항포구,선착장,,침수,추락,34.79678889,128.4901694
2011-07-31,2011,15:40,,,중부 지방청,평택,대산 파출소,충청남도,서산시,대산읍,삼길포 선착장,항포구,삼길포항,선착장,침수,추락,37.00468889,126.4524028
2011-08-09,2011,02:44,심야,화요일,중부 지방청,인천,연평 파출소,인천광역시,옹진군,연평면,인천 옹진군 연평면 소연평도,해안가,소연평도,서측,침수,추락,37.61315556,125.72075
2011-08-11,2011,11:50,오전,,서해 지방청,부안,변산 파출소,전라북도,부안군,변산면,부안군 변산면 적벽강 몽돌 해안 관찰지,해안가,해양생태관찰지,,침수,추락,35.63488889,126.4675
2011-08-14,2011,05:00,심야,일요일,남해 지방청,통영,장승포 파출소,경상남도,거제시,일운면,거제시 구조라항내 세길수산 앞 안벽 접안 중 선박갑판상,항포구,세길수산 앞,,비침수,추락,34.80215278,128.4313056
2011-08-16,2011,19:35,오전,화요일,중부 지방청,인천,하늘바다 파출소,인천광역시,중구,중산동,인천 중구 중산동 소재 구읍뱃터(제1부두 및 제2부두 선착장 사이) 중간 선착장,항포구,구읍 뱃터,중간선착장,침수,추락,37.49227222,126.5816833
2011-08-17,2011,06:08,,,동해 지방청,포항,후포 파출소,경상북도,영덕군,병곡면,백석리항내,항포구,백석항,,침수,추락,36.62359167,129.4126694
2011-08-20,2011,13:37,,,서해 지방청,여수,녹동 파출소,전라남도,고흥군,도양읍,녹동신항 여객선 선착장(평화해운 물량장),항포구,선착장,물량장,침수,추락,34.52334167,127.1434944
2011-09-02,2011,19:50,오전,금요일,중부 지방청,인천,하늘바다 파출소,인천광역시,중구,중산동,인천 중구 중산동 1823-1 선착장,항포구,중산동,선착장,침수,추락,37.51638889,126.5639167
2011-09-08,2011,03:52,심야,,서해 지방청,군산,비응 파출소,전라북도,군산시,비응도동,전북 군산시 비응도 수협앞 ,항포구,비응항,수협위판장,침수,추락,35.93662778,126.5326167
2011-09-11,2011,13:00,,,남해 지방청,부산,남항 파출소,부산광역시,서구,남부민동,현대타워 뒷편 통선장(물량장),항포구,물량장,,침수,추락,35.09194444,129.0252778
2011-09-24,2011,18:20,,,중부 지방청,인천,강화 파출소,인천광역시,강화군,내가면,강화군 내가면 외포리 정포항(외포항),항포구,정포항,외포리 선착장,침수,추락,37.70040556,126.3811472
2011-10-03,2011,18:47,오후,,서해 지방청,부안,변산 파출소,전라북도,부안군,하서면,해창 임시홍보전시관 앞 선착장,항포구,해창출장소,선착장,침수,추락,35.69722778,126.5557306
2011-10-09,2011,06:16,,,남해 지방청,부산,민락 파출소,부산광역시,남구,용호동,부산 용호 구 선착장 앞 해상,항포구,선착장,용호 구 선착장,침수,추락,35.13036111,129.1175556
2011-10-15,2011,18:19,,,남해 지방청,부산,남항 파출소,부산광역시,동구,충장대로,부산항 3부두 현대산업 개발 현장사무소 앞,항포구,부산항,현대산업 개발 ,침수,추락,35.11613889,129.0469444
2011-10-24,2011,,,,서해 지방청,완도,땅끝 파출소,전라남도,해남군,송지면,전남 해남군 송지면 송호리 사랑개 선착장,항포구,사랑개항,선착장,침수,추락,34.32416667,126.5171056
2011-10-26,2011,09:50,,,제주 지방청,제주,한림 파출소,제주특별자치도,제주시,한림읍,한림항 외항 서방파제 앞 ,방파제,한림항,서방파제,침수,추락,33.41252222,126.255825
2011-10-28,2011,06:52,,,중부 지방청,인천,강화 파출소,인천광역시,강화군,양도면,인천 강화 양도면 건평리 건평선착장 70m,항포구,건평항,건평 선착장,침수,추락,37.68022222,126.399
2011-10-31,2011,18:50,,,중부 지방청,태안,대천 파출소,충청남도,보령시,신흑동,대천서부수협 앞 ,항포구,대천항,서부수협,침수,추락,36.32758056,126.5138083
2011-11-04,2011,,,,서해 지방청,목포,지도 파출소,전라남도,신안군,임자면,진리선착장,항포구,진리항,진리 선착장,침수,추락,35.08147222,126.1215278
2011-11-14,2011,22:05,,,남해 지방청,울산, 대변 파출소,부산광역시,기장군,일광면,부산시 기장군 일광면 문중리 소재 문중항 어선 선착장 앞 해상,항포구,칠암항,선착장,침수,추락,35.297775,129.2610139
2011-11-17,2011,,,,서해 지방청,완도,노화 파출소,전라남도,완도군,노화읍,전남 완도군 노화읍 잘포리 소재 물량장,항포구,잘포리항,물량장,침수,추락,34.18937778,126.5614
2011-11-23,2011,,,,동해 지방청,동해,삼척 파출소,강원도,삼척시,근덕면,덕산항 남애포횟집 앞 30m,항포구,덕산항,,침수,추락,37.37803611,129.2533139
2011-11-28,2011,07:10,오전,,서해 지방청,군산,비응 파출소,전라북도,군산시,비응도동,수협제빙공장 앞 선착장,항포구,비응항,선착장,침수,추락,35.93662778,126.5326167
2011-12-01,2011,,,,중부 지방청,평택,당진 파출소,충청남도,당진시,석문면,당진시 송산면 가곡리1-1,항포구,,,비침수,추락,36.99919167,126.6861056
2011-12-14,2011,16:00,,,중부 지방청,인천,연평 파출소,인천광역시,웅진군,연평면,인천 옹진군 연평면 소재 안목선착장,항포구,안목,해안도로,침수,추락,37.65002778,125.713
2011-12-25,2011,07:00,,,제주 지방청,제주,제주 파출소,제주특별자치도,제주시,화북동,제주시 화북동 화북포구내,항포구,,,침수,추락,33.52497222,126.5642778
2012-01-10,2012,07:55,,,서해 지방청,여수,광양 파출소,전라남도,광양시,금호동,전남 광양시 금호제철 어울림 체육관 인근,해안가,어울림 체육관 해안가,,침수,추락,34.9415,127.7195
2012-01-25,2012,09:14,오전,수요일,남해 지방청,울산,기장 파출소,울산광역시,기장군,일광면,부산 기장군 일광면 이천리 소재 해녀복지회관 앞 ,항포구,이천항,해녀복지회관 앞,침수,추락,35.26486111,129.2400278
2012-02-04,2012,11:40,오전,토요일,제주 지방청,서귀포,성산 파출소,제주특별자치도,서귀포시,성산읍,서귀포 성산읍 섭지코지 앞 갯바위,갯바위,,,침수,추락,33.42400556,126.9308167
2012-02-10,2012,10:33,오전,금요일,중부 지방청,인천,인항 파출소,인천광역시,중구,서해대로,영진부두(남항소재) ,항포구,남항부두,영진공사,침수,추락,37.444875,126.6184
2012-02-24,2012,06:07,오전,금요일,남해 지방청,통영,거제남부 파출소,경상남도,거제시,남부면,거제시 남부면 갈곶리 함목해수욕장 동방 20m ,해안가,함목 해수욕장 인근,해안도로,침수,추락,34.74023889,128.6543
2012-03-02,2012,05:30,,,중부 지방청,태안,대천 파출소,충청남도,보령시,신흑동,대천항 유람선부두 ,항포구,대천항,대천 유람선,침수,추락,36.327575,126.5112167
2012-03-23,2012,03:32,,,남해 지방청,부산,송정 파출소,부산광역시,해운대구,송정동,해운대구 송정항,항포구,송정항,,침수,추락,35.18041667,129.2059167
2012-03-25,2012,,,,서해 지방청,완도,회진 파출소,전라남도,완도군,금당면,전남 완도군 금당면 울포 여객선 부두,항포구,울포항,물량장,비침수,추락,34.42769444,127.0749806
2012-03-26,2012,13:30,,,중부 지방청,인천,연평 파출소,인천광역시,웅진군,연평면,인천 옹진군 연평면 당섬 외항선착장,항포구,당섬,외항 선착장,비침수,추락,37.655725,125.7129833
2012-05-19,2012,,,,동해 지방청,동해,울릉 파출소,경상북도,울릉군,서면,거북바위 물양장 내,항포구,거북바위,물량장,침수,추락,37.46024167,130.8579778
2012-05-26,2012,01:06,,,서해 지방청,여수,봉산 파출소,전라남도,여수시,학동,여수시 학동 충무공 유적지(선소) 앞,해안가,충무공 유적지(선소),해안도로,침수,추락,34.75523611,127.6636972
2012-05-28,2012,20:58,,,중부 지방청,인천,영흥 파출소,인천광역시,웅진군,영흥면,인천 옹진군 영흥면 선재리 선재선착장 앞 ,항포구,선재리,선착장,침수,추락,37.23511111,126.5383889
2012-06-04,2012,09:28,오전,월요일,중부 지방청,평택,대산 파출소,충청남도,당진시,석문면,당진시 석문면 난지도리 도비도선착장,항포구,도비도항,선착장,,추락,37.01821389,126.4616139
2012-06-15,2012,02:50,심야,금요일,서해 지방청,목포,북항 파출소,전라남도,목포시,북항동,전남 목포시 북항 1부두,항포구,북항,1부두,침수,추락,34.80612778,126.3617417
2012-06-25,2012,19:40,,,중부 지방청,태안,대천 파출소,충청남도,보령시,신흑동,대천항 대천파출소 앞 ,항포구,대천항,대천파출소,침수,추락,36.32760833,126.5089056
2012-07-01,2012,13:30,오후,일요일,동해 지방청,포항,영일만 파출소,경상북도,포항시,북구,영일만항 낚시어선 부두앞 ,해안가,영일만항,낚시 부두,침수,추락,36.11046667,129.4356889
2012-07-02,2012,11:21,오전,월요일,동해 지방청,속초,속초 파출소,강원도,속초시,동명항길,속초시 속초항 여객선부두에서 전용부두 사이 10m ,항포구,속초항,,침수,추락,38.20962778,128.5940333
2012-07-03,2012,,,,서해 지방청,목포,영광 파출소,전라남도,영광군,염산면,향화도 선착장 앞 ,항포구,향화도항,향화도 선착장,침수,추락,35.1689,126.3591722
2012-07-19,2012,08:05,,,서해 지방청,여수,나로도 파출소,전라남도,고흥군,동일면,고흥군 동일면 소영리 소영선착장,항포구,,소영 선착장,침수,추락,34.48430556,127.4710917
2012-08-05,2012,03:45,,,서해 지방청,여수,봉산 파출소,전라남도,여수시,중아동,여수시 중앙동 이순신 광장 앞,해안가,이순신 광장,해안도로,침수,추락,34.73876667,127.7352167
2012-08-07,2012,,,,서해 지방청,완도,마량 파출소,전라남도,강진군,마량면,전남 강진군 마량면 중방파제 우측 물량장,항포구,마량항,물량장,비침수,추락,34.44896389,126.8240861
2012-08-08,2012,14:58,,,제주 지방청,제주,제주 파출소,제주특별자치도,제주시,건입동,"남해고속카훼리7호 정박, 제주항 31번석 앞 ",항포구,제주항,3부두,침수,추락,33.52008333,126.5358889
2012-08-16,2012,19:30,,,동해 지방청,포항,후포 파출소,경상북도,울진군,평해읍,직산항내,항포구,직산항,슬립웨이,침수,추락,36.72495556,129.4730833
2012-08-30,2012,21:50,,,중부 지방청,인천,영흥 파출소,인천광역시,웅진군,영흥면,인천 옹진군 영흥면 내리 붉은노리 해안,해안가,붉은노리펜션 앞,해안도로,침수,추락,37.25275,126.4755
2012-09-03,2012,,,,남해 지방청,울산, 대변 파출소,부산광역시,기장군,기장읍,부산시 기장군 기장읍 죽성리 월전항,항포구,월전항,활어판매장 앞,침수,추락,35.23813056,129.2449806
2012-09-04,2012,11:00,,,제주 지방청,제주,한림 파출소,제주특별자치도,제주시,한림읍,제주시 한림읍 금능리 금능어촌계회관 앞 물양장,항포구,,,침수,추락,33.38988889,126.2280556
2012-09-11,2012,23:55,,,남해 지방청,부산,다대 파출소,부산광역시,사하구,다대동,다대항 활어위판장 앞 ,항포구,다대포항,물량장,침수,추락,35.05436111,128.9722778
2012-09-16,2012,미상,,,동해 지방청,포항,감포 파출소,경상북도,경주시,감포읍,전촌항 남방파제 등대 인근 20미터해중,항포구,전촌항,남방파제,침수,추락,35.78988889,129.4943333
2012-09-17,2012,,,,서해 지방청,목포,북항 파출소,전라남도,무안군,망운면,조금나루 선착장,항포구,조금나루,선착장,침수,추락,34.99334444,126.3331611
2012-09-30,2012,12:50,,,중부 지방청,인천,대청 파출소,인천광역시,웅진군,용기포,백령 용기포 선착장 부두,항포구,용기포,선착장,침수,추락,37.95513889,124.7356111
2012-09-30,2012,23:25,저녁,일요일,서해 지방청,여수,녹동 파출소,전라남도,보성군,득량면,전남 보성군 득량면 비봉리 516-16번지 앞,해안가,비봉리 해안가,해인도로,침수,추락,34.71036111,127.1981389
2012-09-30,2012,21:30,,,남해 지방청,부산,영도 파출소,부산광역시,영도구,봉래동,부산대교 영도방면 (봉래동 물량장),항포구,부산대교,,침수,추락,35.09533333,129.0397667
2012-10-03,2012,09:15,,,제주 지방청,서귀포,성산 파출소,제주특별자치도,서귀포시,성산읍,성산읍 오조~시흥 사이 해안가(오조리 해녀의 집에서 시흥방향 300m지점),해안가,,,침수,추락,33.46988056,126.9193278
2012-10-20,2012,20:48,,,남해 지방청,부산,송정 파출소,부산광역시,해운대구,중동,씨월드 회센터 앞 ,해안가,미포항,미포횟집,침수,추락,35.15838889,129.1708611
2012-10-21,2012,14:30,,,제주 지방청,서귀포,성산 파출소,제주특별자치도,서귀포시,성산읍,성산읍 신풍리 해안가 해녀출입로(신퐁포구 남서쪽 약300m),해안가,,,침수,추락,33.361675,126.8690222
2012-10-24,2012,04:22,,,제주 지방청,제주,한림 파출소,제주특별자치도,제주시,한림읍,제주시 한림읍 한수리포구 물양장(성동기계 앞 물양장),항포구,물량장,,침수,추락,33.41372222,126.2572778
2012-11-03,2012,,,,서해 지방청,여수,녹동 파출소,전라남도,고흥군,풍양면,고흥군 풍양면 풍남리 소재 부광수산 앞,해안가,부광수산 주차장,,침수,추락,34.519275,127.2443889
2012-11-10,2012,,,,중부 지방청,평택,당진 파출소,충청남도,당진시,석문면,당진시 석문면 장고항리,항포구,용무치항,선착장,비침수,추락,37.03533056,126.5511722
2012-11-20,2012,10:43,오전,화요일,서해 지방청,부안,변산 파출소,전라북도,부안군,위도면,전북 부안군 위도면 식도리 선착장앞 ,항포구,식도항,선착장,침수,추락,35.62518611,126.2880278
2012-11-20,2012,20:38,,,서해 지방청,여수,녹동 파출소,전라남도,고흥군,도양읍,전남 고흥군 도양읍 소목리 남생리 마을 선착장,해안가,동생리 선창길,해안도로,침수,추락,34.50468333,127.1189667
2012-11-27,2012,12:48,오후,,남해 지방청,통영,장승포 파출소,경상남도,거제시,덕포동,거제시 덕포동 덕포 물양장 앞 20M,항포구,물량장,,침수,추락,34.91227778,128.7147222
2012-12-08,2012,13:50,오후,,남해 지방청,통영,마산 파출소,경상남도,창원시,마산합포구,창원시 마산합포구 진전면 시락리 소포마을 경진횟집 앞 물양장,해안가,물량장,,침수,추락,35.07294722,128.4624167
2012-12-21,2012,15:03,,,동해 지방청,포항,포항 파출소,경상북도,포항시,남구,포항시 죽도시장내 신포항수산 앞 해상(동빈내항 내) ,항포구,포항항,항내,침수,추락,36.03486944,129.3704167
2013-01-02,2013,10:50,,,서해 지방청,완도,완도 파출소,전라남도,완도군,완도읍,완도군 완도읍 정도리 화흥포항,항포구,화흥포항,,침수,추락,34.30475278,126.6790194
2013-01-04,2013,12:50,,,중부 지방청,인천,하늘바다 파출소,인천광역시,웅진군,북도면,인천 옹진군 북도면 장봉리 소재 장봉 선착장,항포구,장봉,선착장,침수,추락,37.53072222,126.3843611
2013-01-07,2013,23:26,,,남해 지방청,울산, 방어진 파출소,울산광역시,동구,방어동,방어진수협 위판장 앞 ,항포구,방어진항,수협위판장 앞,침수,추락,35.48436111,129.4299167
2013-01-12,2013,07:10,,,남해 지방청,창원,진해 파출소,경상남도,창원시,진해구,창원시 진해구 장천 2부두옆 장천교 밑 해안,해안가,장천교,장천2부두,침수,추락,35.12861111,128.6963889
2013-01-25,2013,07:50,,,남해 지방청,부산,다대 파출소,부산광역시,사하구,다대동,동우조선소(대성조선),항포구,다대포항,조선소,침수,추락,35.05238889,128.9759722
2013-01-29,2013,06:35,오전,화요일,서해 지방청,목포,북항 파출소,전라남도,목포시,북항동,전남 목포시 북항 여객선 선착장,항포구,북항,여객선 선착장,침수,추락,34.80530556,126.3645556
2013-02-05,2013,01:20,심야,,남해 지방청,울산, 온산 파출소,울산광역시,울주군,온산읍,울산 울주군 서생면 진하리 진하항 진하출장소 앞 ,항포구,진하항,해안도로,침수,추락,35.38942778,129.34425
2013-02-07,2013,08:40,,,서해 지방청,완도,땅끝 파출소,전라남도,해남군,송지면,전남 해남군 송지면 엄남포길 20-26 해안가,해안가,해안도로,,침수,추락,34.36291389,126.5169611
2013-02-15,2013,,,,중부 지방청,평택,대부 파출소,경기도,화성시,서신면,궁평항 긴선착장,항포구,선착장,,침수,추락,37.11583333,126.6755556
2013-02-28,2013,,,,서해 지방청,목포,지도 파출소,전라남도,신안군,지도읍,점암선착장,항포구,점암항,점암 선착장,침수,추락,35.0895,126.1573056
2013-03-01,2013,00:46,,,제주 지방청,제주,한림 파출소,제주특별자치도,제주시,한림읍,제주시 귀덕2리 방파제 앞 ,방파제,,,침수,추락,33.44316667,126.279
2013-03-02,2013,09:00,,,서해 지방청,완도,노화 파출소,전라남도,완도군,노화읍,완도군 노화읍 이목리 노화조선소 앞 ,항포구,노화조선소,,침수,추락,34.17748056,126.5653528
2013-03-04,2013,23:12,,,남해 지방청,부산,민락 파출소,부산광역시,해운대구,우동,동백섬 누리마루 선착장 앞 ,항포구,운촌항,누리마루 선착장,침수,추락,35.15466667,129.1506944
2013-03-11,2013,20:15,,,중부 지방청,인천,하늘바다 파출소,인천광역시,웅진군,북도면,인천 옹진군 북도면 신도2리 선착장,항포구,신도리,선착장,침수,추락,37.51408889,126.4394111
2013-03-13,2013,04:16,,,남해 지방청,부산,민락 파출소,부산광역시,수영구,광안해변로,부산 수영구 광안대교 하판 39번 교각 인근 ,해안가,광안대교,,침수,추락,35.15583333,129.1369444
2013-03-14,2013,14:10,,,중부 지방청,태안,신진 파출소,충청남도,태안군,근흥면,신진도 수협위판장 앞  ,항포구,,,침수,추락,36.67861111,126.1361111
2013-03-17,2013,00:46,,,동해 지방청,포항,포항 파출소,경상북도,포항시,북구,두호항 남방파제 약120미터 중간지점 외측,항포구,,,침수,추락,36.06340556,129.3876389
2013-03-17,2013,14:40,,,제주 지방청,제주,한림 파출소,제주특별자치도,제주시,한림읍,귀덕1리 방파제 앞 ,방파제,,,침수,추락,33.44638889,126.2913889
2013-03-26,2013,07:10,,,제주 지방청,제주,제주 파출소,제주특별자치도,제주시,동김녕,동김녕항 해녀식당 앞 ,방파제,,,침수,추락,33.55856944,126.7548444
2013-04-01,2013,,,,동해 지방청,동해,삼척 파출소,강원도,삼척시,근덕면,궁촌항 물양장 내,항포구,궁촌항,물량장,침수,추락,37.32728333,129.2692278
2013-04-04,2013,00:00,,,서해 지방청,완도,땅끝 파출소,전라남도,해남군,황산면,해남군 황산명 부곡리 성산항 방파제,항포구,성산항,방파제,비침수,추락,34.53665278,126.3970417
2013-04-14,2013,03:36,오전,,남해 지방청,통영,통영 파출소,경상남도,통영시,미수동,통영시 미수동 동양냉동 앞,해안가,해안도로,,,추락,34.82825,128.4001111
2013-05-01,2013,,,,동해 지방청,동해,울릉 파출소,경상북도,울릉군,울릉읍,사동신항 중앙부두 앞 ,항포구,사동항,중앙부두 앞,침수,추락,37.46039444,130.8764194
2013-05-03,2013,,,,동해 지방청,동해,울릉 파출소,경상북도,울릉군,울릉읍,도동항 화물차량 주차장,항포구,도동항,화물차량 주차장,침수,추락,37.48200278,130.9085444
2013-05-03,2013,14:45,오후,,남해 지방청,통영,통영 파출소,경상남도,통영시,미수동,통영시 당동 십오야장어 건녀편 물양장,항포구,물양장,,침수,추락,34.83041667,128.40425
2013-05-06,2013,05:00,,,중부 지방청,태안,대천 파출소,충청남도,보령시,신흑동,대천항 보령수협위판장 앞 선착장,항포구,대천항,수협,침수,추락,36.32794444,126.5070028
2013-05-17,2013,15:00,,,서해 지방청,완도,마량 파출소,전라남도,강진군,마량면,전남 강진군 마량면 강진수협위판장 앞 ,항포구,마량항,강진수협위판장 앞,침수,추락,34.44888889,126.8225556
2013-05-17,2013,06:46,,,서해 지방청,여수,광양 파출소,전라남도,광양시,금호동,광양시 금호동 금호대교,해안가,금호대교,,침수,추락,34.947725,127.7215889
2013-05-21,2013,11:50,오전,화요일,제주 지방청,제주,추자 파출소,제주특별자치도,제주시,추자면,추자 신양항 동방파제 공사현장,방파제,,,비침수,추락,33.94055556,126.3291667
2013-05-22,2013,,,,서해 지방청,목포,지도 파출소,전라남도,함평군,월천리,109횟집 앞 선착장,항포구,선착장,,침수,추락,35.13705556,126.4021944
2013-05-22,2013,14:10,오후,,남해 지방청,통영,고현 파출소,경상남도,거제시,장목면,거제시 장목면 외포항 국자횟집 앞 약10m ,항포구,해안도로,,,추락,34.939,128.7183056
2013-05-24,2013,15:50,,,제주 지방청,제주,추자 파출소,제주특별자치도,제주시,추자면,추자 신양항 남방파제,방파제,,,침수,추락,33.945125,126.3284111
2013-05-28,2013,10:50,오전,화요일,제주 지방청,제주,제주 파출소,제주특별자치도,제주시,제주항57번 선석,제주항 57번 선석 앞 ,항포구,,,침수,추락,33.52355833,126.5402444
2013-05-31,2013,09:20,,,중부 지방청,인천,대청 파출소,인천광역시,웅진군,백령면,백령도 사항포 포구 차량 추락 관련,방파제,사항포구,방파제,침수,추락,37.97219444,124.6477778
2013-06-04,2013,,,,중부 지방청,평택,안산 파출소,경기도,안산시,대부북동,경기도안산시단원구 대부북동 방아머리선착장,항포구,방아머리,선착장,비침수,추락,37.29665,126.5740361
2013-06-15,2013,,,,중부 지방청,평택,안산 파출소,경기도,안산시,대부북동,경기도안산시단원구 대부북동 방아머리선착장,항포구,방아머리,선착장,비침수,추락,37.29665,126.5740361
2013-07-08,2013,07:47,,,서해 지방청,여수,봉산 파출소,전라남도,여수시,중앙동,여수시 중앙동 여객선 터미널,항포구,여수항,중앙동 여객선 터미널,침수,추락,34.7382,127.7328556
2013-07-11,2013,,,,동해 지방청,동해,울릉 파출소,경상북도,울릉군,울릉읍,저동항 북방파제 끝단 테트라포트,항포구,저동항,북방파제,비침수,추락,37.49992778,130.91465
2013-07-12,2013,,,,서해 지방청,목포,진도 파출소,전라남도,진도군,조도면,서거차도 내측 수협 유류탱크 인근 부두 앞,항포구,서거차항,,침수,추락,34.25251944,125.9179056
2013-07-20,2013,15:30,,,중부 지방청,인천,대청 파출소,인천광역시,웅진군,대청면,대청도 여객선 선착장옆 물량장,항포구,선진포,선착장,침수,추락,37.82603056,124.7167306
2013-08-03,2013,01:10,심야,토요일,남해 지방청,울산,기장 파출소,울산광역시,기장군,기장읍,부산 기장군 대변파출소 앞 209대성호 선미방향 10m ,해안가,대변항,대변파출소 부근,침수,추락,35.22232222,129.23065
2013-08-05,2013,12:08,,,중부 지방청,태안,안면 파출소,충청남도,태안군,고남면,가경주항 선착장 ,항포구,가경주항,선착장,침수,침수,36.40716667,126.4110861
2013-08-20,2013,09:46,오전,화요일,서해 지방청,목포,서산 파출소,전라남도,해남군,문내면,전남 해남군 문내면 우수영 구구횟집 ~ 선착장 방향 약 100m지점 해변,항포구,우수영항,여객선 터미널,침수,추락,34.58819722,126.3106667
2013-08-23,2013,,,,동해 지방청,속초,속초 파출소,강원도,속초시,청호동,속초항 신수로 남방파제,항포구,속초항,남방파제,침수,추락,38.20123611,128.5978278
2013-08-23,2013,10:12,오전,금요일,남해 지방청,창원,진해 파출소,경상남도,창원시,진해구,창원시 진해구 안곡동 나가야 해안,항포구,속천항,밤섬횟집,비침수,추락,35.13452778,128.6732
2013-08-29,2013,,,,서해 지방청,여수,봉산 파출소,전라남도,여수시,화양면,여수시 화양면 공정리 선착장,항포구,공정리,선착장,침수,추락,34.63983611,127.5745833
2013-08-31,2013,,,,서해 지방청,목포,지도 파출소,전라남도,무안군,현경면,홀통 마산활어마트 인근,해안가,마산리,마산리 선착장,비침수,추락,35.07131389,126.3446972
2013-09-01,2013,18:53,,,동해 지방청,포항,영일만 파출소,경상북도,포항시,북구,흥해읍 칠포1리항,항포구,칠포항,해안가,침수,추락,36.14305556,129.3954583
2013-09-07,2013,,,,서해 지방청,여수,돌산 파출소,전라남도,여수시,돌산읍,여수시 돌산읍 소재 신기항 서편선착장,항포구,신기항,서편 선착장,침수,추락,34.60080833,127.7405833
2013-10-18,2013,09:35,,,서해 지방청,여수,돌산 파출소,전라남도,여수시,돌산읍,여수시 돌산읍 소율항,항포구,소율항,해안길,침수,추락,34.60406667,127.7953389
2013-11-02,2013,14:30,,,제주 지방청,제주,한림 파출소,제주특별자치도,제주시,한림읍,한림읍 소재 한수리 방파제 내측,항포구,,,침수,추락,33.42222222,126.2619444
2013-11-20,2013,,,,남해 지방청,울산,대변 파출소,부산광역시,기장군,기장읍,연화리 소재 하루방 횟집 앞,항포구,신암항,하루방횟집,일부침수,추락,35.21466667,129.2233611
2013-11-26,2013,12:00,,,서해 지방청,여수,봉산 파출소,전라남도,여수시,신월동,여수시 신월동 금성 휴먼터치빌 아파트 앞 관공선 부두,항포구,관공선 부두,,침수,추락,34.72214444,127.707125
2013-12-15,2013,19:30,,,남해 지방청,울산,대변 파출소,부산광역시,기장군,일광면,문동리 매립공사장(공사로 인한 웅덩이 형성),해안가,매립공사장,,침수,추락,35.30966667,129.26075
2013-12-17,2013,09:15,,,중부 지방청,인천,인항 파출소,인천광역시,서구,원창동,인천 서구 원창동 SK저유소 제4부두 돌핀부두,항포구,부두,돌핀부두,침수,추락,37.45791389,126.6228278
2013-12-30,2013,07:40,오전,월요일,서해 지방청,여수,광양 파출소,전라남도,광양시,태인동,광양시 태인동 소재 태인대교,해안가,태인대교,,침수,추락,34.95998056,127.7528944
2014-01-09,2014,11:56,,,서해 지방청,여수,녹동 파출소,전라남도,보성군,회천면,전남 보성군 회천면 동율방파제,항포구,동율,선착장,침수,추락,34.66985278,127.0950972
2014-01-19,2014,08:43,,,동해 지방청,포항,포항 파출소,경상북도,포항시,남구,포항신항 6문 14번 선석 ,항포구,포항신항,,침수,추락,36.02613889,129.4042056
2014-02-17,2014,19:00,,,서해 지방청,완도,땅끝 파출소,전라남도,해남군,황산면,해남군 황산면 한자리 인근 선착장,항포구,산소항,물량장,침수,추락,34.53541944,126.4350639
2014-02-19,2014,08:08,오전,,남해 지방청,통영,고현 파출소,경상남도,거제시,하청면,거제시 하청면 신동마을 하청선착장 앞 약5m,항포구,선착장,,침수,추락,34.96002778,128.6471389
2014-02-25,2014,14:45,,,서해 지방청,완도,노화 파출소,전라남도,완도군,노화읍,완도군 노화읍 당산리 선착장 앞 20m ,항포구,큰당산리항,선착장,침수,추락,34.19668611,126.5525306
2014-03-04,2014,08:18,,,서해 지방청,완도,노화 파출소,전라남도,완도군,보길면,완도군 보길면 통리선착장 앞 ,항포구,통리,선착장,침수,추락,34.15586389,126.5784583
2014-03-06,2014,20:25,,,서해 지방청,여수,봉산 파출소,전라남도,여수시,웅천동,여수시 웅천동 친수공원 앞 ,해안가,친수공원,해안도로,침수,추락,34.74876667,127.6660583
2014-03-06,2014,23:59,오전,,남해 지방청,통영,남해 파출소,경상남도,남해군,상주면,남해군 상주면 금포마을 선착장 앞 ,항포구,금포항,떼루아펜션 인근 선착장,침수,추락,34.71848889,128.0086611
2014-04-10,2014,15:53,,,제주 지방청,제주,한림 파출소,제주특별자치도,제주시,애월읍,애월항 서방파제 앞 3m (차량발견해점 물양장암벽 약 10m수중),방파제,,,침수,추락,33.46756389,126.3219472
2014-04-15,2014,13:15,,,서해 지방청,완도,회진 파출소,전라남도,장흥군,관산읍,전남 장흥군 관산읍 신동리 사금마을 선착장,항포구,신동항,선착장,침수,추락,34.54488333,126.9888417
2014-04-24,2014,11:28,,,중부 지방청,인천,인항 파출소,인천광역시,중구,항동,인천 남항 서부두 미래해운 앞 ,항포구,남항승선장,미래해운,침수,추락,37.45214722,126.6096028
2014-04-29,2014,07:15,,,서해 지방청,완도,완도 파출소,전라남도,완도군,완도읍,전남 완도군 완도읍 석장리 항포구,항포구,석장리 항포구,,침수,추락,34.30216111,126.7357056
2014-04-29,2014,11:08,오전,화요일,남해 지방청,창원,신항광역 파출소,부산광역시,강서구,성북동,다목적부두 터미널 앞,항포구,다목적부두,1부두,침수,추락,35.07413889,128.8336417
2014-05-02,2014,02:40,,,동해 지방청,속초,대포 파출소,강원도,양양군,현북면,강원 양양군 현북면 손양면 수산리 요트마리나 주차장 아래 항내,항포구,수산항,마리나 리조트 주차장,침수,추락,38.07715556,128.6737944
2014-05-03,2014,16:30,,토요일,남해 지방청,울산,기장 파출소,울산광역시,기장군,기장읍,부산광역시 기장군 연화리 서암마을 앞 ,항포구,신임항,서암마을회관,침수,추락,35.21444444,129.2230278
2014-05-11,2014,08:30,,,중부 지방청,인천,연평 파출소,인천광역시,웅진군,연평면,인천 옹진군 연평면 연육교 다리 밑 잠수도로,해안가,연육교,다리,비침수,추락,37.65622222,125.7049722
2014-05-12,2014,07:50,오전,월요일,남해 지방청,부산,송정 파출소,부산광역시,해운대구,송정해변로,부산 송정항 어촌계 사무실 앞 ,항포구,부산,어촌계 사무실,침수,추락,35.18058889,129.205725
2014-05-14,2014,,,,동해 지방청,속초,주문진 파출소,강원도,양양군,현북면,기사문항 정치망 계류장,항포구,기사문항,정치망 계류장,침수,추락,38.00697222,128.730575
2014-05-14,2014,17:02,오후,수요일,남해 지방청,통영,통영 파출소,경상남도,통영시,산양읍,통영시 산양읍 달아마을 화물선 선착장 앞 ,항포구,달이항,물량장,침수,추락,34.77,128.4113889
2014-05-25,2014,15:20,오후,,서해 지방청,부안,고창 파출소,전라북도,고창군,상하면,구시포해수욕장 1987부대 부근 갯벌체험장,해안가,,,침수,추락,35.44,126.4330556
2014-05-31,2014,22:46,,,남해 지방청,창원,신항광역 파출소,부산광역시,강서구,천성동,천성항 중앙방파제 입구 해상,항포구,방파제,,침수,추락,35.02829444,128.815375
2014-06-04,2014,20:15,,,동해 지방청,포항,강구 파출소,경상북도,영덕군,남정면,원척리 1박2일 펜션 앞,해안가,,,침수,추락,36.30083333,129.3783333
2014-06-09,2014,17:10,,,서해 지방청,여수,돌산 파출소,전라남도,여수시,남면,여수시 남면 금오도 여천마을 여객선 선착장,항포구,,여객선 선착장,침수,추락,34.55040556,127.7528944
2014-06-15,2014,21:35,,,남해 지방청,부산,영도 파출소,부산광역시,영도구,중리,부산 영도구 소재 중리 항포구,항포구,중리항,,침수,추락,35.06818889,129.0653694
2014-07-08,2014,05:17,,,서해 지방청,완도,회진 파출소,전라남도,장흥군,안양면,전남 장흥군 안양면 수문방파제 앞 ,항포구,수문항,방파제 앞,침수,추락,34.63043889,127.0303361
2014-07-15,2014,23:05,,,서해 지방청,여수,봉산 파출소,전라남도,여수시,돌산읍,여수시 돌산읍 우두리 백초 여수마린 앞,해안가,여수마린 앞,해안도로,침수,추락,34.72730556,127.7418056
2014-07-18,2014,23:03,오전,금요일,서해 지방청,여수,돌산 파출소,전라남도,여수시,돌산읍,전남 여수시 돌산읍 우두리 무량민박 앞 ,해안가,무량민박 앞,해안도로,침수,추락,34.72703333,127.74195
2014-07-19,2014,18:30,,,서해 지방청,완도,완도 파출소,전라남도,완도군,신지면,전남 완도군 신지면 물하태선착장,항포구,물하태,선착장,침수,추락,34.32776389,126.7762667
2014-07-24,2014,11:56,,,남해 지방청,창원,마산 파출소,경상남도,창원시,성산구,경남 창원시 성산구 귀곡동 용호마을 앞 해양스포츠연수원 전용선착장,항포구,귀곡항,해양마리나,침수,추락,35.16255556,128.607875
2014-07-30,2014,17:50,,,서해 지방청,완도,완도 파출소,전라남도,완도군,신지면,전남 완도군 신지면 임촌항 우측 모래사장,항포구,임촌항,,비침수,추락,34.32498611,126.8036
2014-07-30,2014,19:22,,,동해 지방청,포항,감포 파출소,경상북도,경주시,감포읍,감포리 384-2번지 앞,항포구,감포항,,침수,추락,35.80538889,129.5028333
2014-08-08,2014,18:14,저녁,,남해 지방청,창원,마산 파출소,경상남도,창원시,마산합포구,마산 수협공판장 앞 ,항포구,수협 공판장 앞,,침수,추락,35.20252778,128.5803889
2014-08-15,2014,23:50,심야,,남해 지방청,통영,사천 파출소,경상남도,통영시,사량면,통영시 사량면 사량농협 물양장 1미터 앞 ,항포구,물량장,사랑농협 물량장,침수,추락,34.84325278,128.2211167
2014-08-17,2014,03:57,,,동해 지방청,속초,속초 파출소,강원도,속초시,동명동,속초시 동명동 양미리부두 앞 ,항포구,양미리,부두,침수,추락,38.21102778,128.596125
2014-09-02,2014,10:01,오전,화요일,남해 지방청,부산,송정 파출소,부산광역시,해운대구,송정해변로,부산시 송정항 어촌계 사무실 앞 ,항포구,송정항,어촌계 사무실,침수,추락,35.18058889,129.205725
2014-09-07,2014,10:41,,,중부 지방청,인천,하늘바다 파출소,인천광역시,중구,장봉도,인천 옹진군 장봉도 옹암선착장,항포구,옹암,선착장,비침수,추락,37.531625,126.3846778
2014-09-07,2014,,,,서해 지방청,목포,북항 파출소,전라남도,목포시,죽교동,북항5부두(외쪽),항포구,북항,5부두,침수,추락,34.80219444,126.3567972
2014-09-14,2014,01:43,,,제주 지방청,제주,한림 파출소,제주특별자치도,제주시,한림읍,13:45경 상황실로부터 시간 미상경 애월항에 차량 1대가 추락하였다며 즉시 현장 출동 조치 요한다는 전화 접수,항포구,,,침수,추락,33.46847222,126.3233056
2014-09-15,2014,08:20,,,남해 지방청,부산,다대 파출소,부산광역시,사하구,장림,사하구 장림 보덕 2교 아래 ,해안가,육교,보덕 2교,일부침수,추락,35.08127778,128.9581111
2014-09-16,2014,07:30,오전,화요일,서해 지방청,목포,북항 파출소,전라남도,신안군,압해읍,전남 신안군 압해읍 송공선착장,항포구,선착장,,침수,추락,34.84835278,126.226425
2014-09-23,2014,11:00,오전,화요일,남해 지방청,통영,통영 파출소,경상남도,통영시,동호동,통영시 동호동 소재 통영수협1번냉동공장 앞 ,항포구,수협 냉동공장,,침수,추락,34.84090833,128.4351861
2014-09-29,2014,,,,중부 지방청,평택,안산 파출소,경기도,안산시,대부북동,경기도 안산시 단원구 대부북동 방아머리 선착장,항포구,방아머리,선착장,침수,추락,37.29665,126.5740361
2014-10-03,2014,14:42,오후,,남해 지방청,통영,고현 파출소,경상남도,거제시,하청면,거제시 하청면 실전리 칠천도연륙교 위 추락,해안가,연육교,도로,침수,추락,34.98038889,128.6470667
2014-10-09,2014,11:50,,,중부 지방청,보령,홍원 파출소,충청남도,서천군,서면,홍원항 홍원파출소 앞 ,항포구,홍원항,홍원파출소 앞,침수,추락,36.15901389,126.4998056
2014-10-10,2014,,,,남해 지방청,울산, 대변 파출소,부산광역시,기장군,일광면,부산 기장군 일광면 학리방파제옆 해상,항포구,학리항,학리방파제,침수,추락,35.25904722,129.2471167
2014-10-21,2014,,,,동해 지방청,동해,강릉 파출소,강원도,강릉시,견소동,요트마리나 주차장 ,항포구,강릉항,,침수,추락,37.77272222,128.9513472
2014-11-01,2014,19:50,,,서해 지방청,여수,광양 파출소,전라남도,여수시,묘도동,여수시 묘도동 묘도선착장,항포구,묘도선착장,,침수,추락,34.87121389,127.7118806
2014-11-01,2014,21:05,오전,토요일,남해 지방청,부산,영도 파출소,부산광역시,영도구,동삼동,부산 영도구 중리 소재 남고등학교 앞 ,해안가,중리항,남고등학교 앞,침수,추락,35.06865833,129.0653444
2014-11-06,2014,06:45,,,중부 지방청,보령,대천 파출소,충청남도,보령시,신흑동,대천항 서부수협 앞 경사로부두,항포구,대천항,서부수협,침수,추락,36.32758056,126.5138083
2014-11-09,2014,,,,동해 지방청,속초,거진 파출소,강원도,고성군,현내면,초도항 내,항포구,,,비침수,추락,38.48638889,128.4386111
2014-11-13,2014,12:50,오후,목요일,서해 지방청,여수,봉산 파출소,전라남도,여수시,국동,전남 여수시 어항단지로 국동출장소 앞 방파제,항포구,,방파제,,추락,34.72454444,127.7120611
2014-11-17,2014,18:24,,,서해 지방청,완도,완도 파출소,전라남도,완도군,군외면,전남 완도군 군외면 원동터미널 앞 ,해안가,원동터미널 부근,해안도로,침수,추락,34.39256667,126.6482556
2014-12-15,2014,07:00,,,동해 지방청,포항,축산 파출소,경상북도,영덕군,축산읍,축산항 경북북부수협 위판장 앞 약 5미터 ,항포구,축산항,,침수,추락,36.50936944,129.4495889
2015-01-10,2015,11:36,오전,,남해 지방청,통영,통영 파출소,경상남도,통영시,도천동,통영시 정량동 소재 세일철물상사 앞 ,항포구,동호항,세일철물상사 앞,침수,추락,34.84418611,128.4343333
2015-01-12,2015,,,,중부 지방청,인천,하늘바다 파출소,인천광역시,중구,덕교동,인천 중구 잠진선착장,항포구,잠진도,선착장,침수,추락,37.41684722,126.4151
2015-01-12,2015,23:50,,,남해 지방청,울산,방어진 파출소,울산광역시,동구,일산동,일산해수욕장 앞 회센터 앞 ,해안가,해안가,일산수산물 센터 앞,일부침수,추락,35.50027778,129.43475
2015-01-17,2015,,,,서해 지방청,완도,땅끝 파출소,전라남도,진도군,고군면,전남 진도군 고군면 벌포선착장,항포구,벌포,선착장,침수,추락,34.47125,126.3713611
2015-01-20,2015,16:40,,,중부 지방청,인천,정서진 파출소,인천광역시,서구,영종대로,영종대교,해안가,영조대교,해안도로,비침수,추락,37.545,126.5827778
2015-01-22,2015,13:39,,,중부 지방청,보령,서부 파출소,충청남도,홍성군,천북면,"홍성군 홍성방조제(장은항, 수룡항 사이)",항포구,,,비침수,추락,36.52361111,126.4861111
2015-01-29,2015,05:11,심야,목요일,서해 지방청,여수,봉산 파출소,전라남도,여수시,화양면,전남 여수시 화양면 용주리 방파제 앞 ,해안가,용주항,방파제,침수,추락,34.71630556,127.628025
2015-01-31,2015,20:30,,,남해 지방청,창원,진해 파출소,경상남도,창원시,진해구,창원시 진해구 이동 선착장,항포구,,이동 선착장,침수,추락,35.14368611,128.6887694
2015-02-12,2015,09:20,오전,목요일,남해 지방청,창원,마산 파출소,경상남도,창원시,마산합포구,마산합포구 진동면 고현마을 농협앞 해상,항포구,고현마을 농협,진동농협 부근,침수,추락,35.10208611,129.4795556
2015-02-27,2015,14:35,,,제주 지방청,제주,제주 파출소,제주특별자치도,제주시,외도이동,의도1동 연대포구,항포구,,,침수,추락,33.49497222,126.4268889
2015-03-04,2015,16:30,,,서해 지방청,완도,마량 파출소,전라남도,완도군,고금면,전남 완도군 고금면 상정항,항포구,상정항,,침수,추락,34.35413611,126.7760333
2015-03-13,2015,12:45,오후,금요일,서해 지방청,목포,북항 파출소,전라남도,목포시,북항동,목포시 죽교동 북항 2부두 선착장,항포구,북항,2부두,침수,추락,34.80588333,126.3632528
2015-03-15,2015,07:40,,,서해 지방청,완도,마량 파출소,전라남도,완도군,약산면,완도군 약산면 당목항 여객선착장 앞 ,항포구,선착장,,침수,추락,34.37833333,126.9463889
2015-03-20,2015,22:14,,,서해 지방청,완도,노화 파출소,전라남도,완도군,노화읍,완도군 노화읍 미라리선착장,항포구,미라항,미라리 선착장,침수,추락,34.21064444,126.5568167
2015-04-04,2015,22:30,심야,,남해 지방청,통영,노량 파출소,경상남도,하동군,금성면,하동군 금성면 갈사리 소재 나팔횟집 인근,해안가,해안도로,나팔횟집,침수,추락,34.94780556,127.7801583
2015-04-05,2015,16:30,오후,일요일,서해 지방청,목포,흑산 파출소,전라남도,신안군,흑산면,흑산면 홍도항 북쪽부두 좌측 끝부분,항포구,홍도항,,침수,추락,34.68391944,125.1931444
2015-04-05,2015,20:30,,,남해 지방청,창원,마산 파출소,경상남도,창원시,마산합포구,창원시 마산합포구 구산면 석곡리 선착장,항포구,명주항,선착장,침수,추락,35.10814722,128.5482222
2015-04-09,2015,07:05,,,서해 지방청,완도,노화 파출소,전라남도,완도군,노화읍,완도군 노화읍 잘포리 방파제 앞 ,항포구,잘포리,방파제,침수,추락,34.18524167,126.5615083
2015-04-15,2015,07:29,,,서해 지방청,완도,마량 파출소,전라남도,강진군,마량면,강진군 마량면 미향로 마량항 방파제 앞 ,항포구,마량항,방파제,침수,추락,34.44845,126.8235306
2015-04-26,2015,17:20,오후,,남해 지방청,통영,통영 파출소,경상남도,통영시,한산도,"통영시 한산도 제승당 선착장 앞 여객선 뉴파라다이스(여객선, 197톤)",항포구,선착장,,,추락,34.79444444,128.4725
2015-05-02,2015,08:44,,,중부 지방청,평택,안산 파출소,경기도,안산시,대부북동,안산시 방아머리 선착장 끝단,항포구,방아머리,선착장,침수,추락,37.29665,126.5740361
2015-05-02,2015,09:10,,,남해 지방청,창원,마산 파출소,경상남도,창원시,마산합포구,창원시 마산합포구 구산면 상용호삼거리,해안가,해안도로,상용호 삼거리 삼보가든,침수,추락,35.07615,128.6023361
2015-05-12,2015,02:55,심야,화요일,남해 지방청,통영,통영 파출소,경상남도,통영시,항남동,통영시 항남동 한산호텔 앞 ,항포구,방파제,한산호텔 앞,침수,추락,34.83953056,128.421875
2015-05-16,2015,15:10,오후,,남해 지방청,통영,사천 파출소,경상남도,사천시,늑도동,사천시 늑도동 늑도항 동방파제,항포구,늑도항,방파제,,추락,34.92516111,128.0378722
2015-05-18,2015,11:32,오전,월요일,남해 지방청,부산,감천 파출소,부산광역시,사하구,구평동,부산 사하구 감천항 5부두 동방조선 앞 ,항포구,감천항,동방조선 앞,침수,추락,35.08308333,128.9928889
2015-05-19,2015,05:30,,,서해 지방청,완도,노화 파출소,전라남도,완도군,보길면,전남 완도군 보길면 통리해수욕장 우측 방파제,항포구,통리,방파제,비침수,추락,34.15586389,126.5784583
2015-05-24,2015,,,,서해 지방청,완도,완도 파출소,전라남도,완도군,신지면,전남 완도군 신지면 물하태선착장,항포구,물하태,선착장,침수,추락,34.32776389,126.7762667
2015-05-26,2015,14:51,,,남해 지방청,창원,마산 파출소,경상남도,창원시,마산합포구,창원시 마산합포구 가포 신항부두 2선식 계류,항포구,마산항,신항부두 2선식,침수,추락,35.19411667,128.571275
2015-06-06,2015,16:10,,,중부 지방청,인천,강화 파출소,인천광역시,강화군,길상면,해안남로 298번길 장어마을 앞 도로,해안가,해안도로,장어마을,비침수,추락,37.61030278,126.5204639
2015-06-09,2015,14:27,오후,,남해 지방청,통영,고성 파출소,경상남도,통영시,도산면,통영시 도산면 오륜리 소재 가오치 선착장,항포구,선착장,가오치 선착장,,추락,34.90722222,128.3211111
2015-06-13,2015,12:15,오후,토요일,서해 지방청,목포,북항 파출소,전라남도,목포시,북항동,전남 목포시 죽교동 북항 2부두 선착장,항포구,북항,2부두,침수,추락,34.80588333,126.3632528
2015-06-18,2015,21:35,,,서해 지방청,완도,완도 파출소,전라남도,완도군,완도읍,전남 완도군 완도읍 해조류박람회 옆 물량장,항포구,물량장,,비침수,추락,34.32111111,126.7486111
2015-06-25,2015,19:20,,,남해 지방청,창원,마산 파출소,경상남도,창원시,봉암동,성지공업사 해안가,해안가,해안도로,성지공업사,침수,추락,35.21095278,128.6027194
2015-06-28,2015,10:23,,,동해 지방청,포항,구룡포 파출소,경상북도,포항신,남구,구룡포읍 구룡포항북방파제 활어위판장,항포구,구룡포항,구룡포 방파제,침수,추락,35.98851389,129.5593194
2015-06-28,2015,00:05,,,남해 지방청,울산,기장 파출소,부산광역시,기장군,기장읍,부산시 기장군 죽성리 두호마을 두호선착장 앞 해상,항포구,두호항,선착장 앞 해상,침수,추락,35.24247222,129.2465278
2015-07-01,2015,,,,서해 지방청,목포,진도 파출소,전라남도,진도군,임회면,굴포선착장 앞 ,항포구,굴포항,굴포 선착장,침수,추락,34.36802778,126.2089611
2015-07-09,2015,16:20,오후,,남해 지방청,통영,장승포 파출소,경상남도,거제시,덕포동,거제시 독포동 덕포횟집 선착장 앞,항포구,선착장,덕포횟집 앞,침수,추락,34.91260556,128.7142139
2015-07-11,2015,,,,동해 지방청,동해,울릉 파출소,경상북도,울릉군,울릉읍,저동항 어판장 19홀,항포구,저동항,,침수,추락,37.49361667,130.9100361
2015-07-12,2015,00:18,,,동해 지방청,포항,후포 파출소,경상북도,울진군,후포읍,후포항내 여객선터미널 부두 앞 ,항포구,후포항,여객선 부두,침수,추락,36.679275,129.4609389
2015-07-14,2015,13:49,,,서해 지방청,완도,마량 파출소,전라남도,완도군,금일읍,완도군 금일읍 화목리 화전항 선착장,항포구,화전항,화목리 선착장,침수,추락,34.35372222,127.0174611
2015-07-24,2015,11:24,오전,금요일,서해 지방청,목포,서산 파출소,전라남도,목포시,항동,전남 목포시 항동 목포여객선터미널,항포구,목포항,여객선 터미널,침수,추락,34.78233333,126.3846667
2015-07-25,2015,08:10,,,동해 지방청,포항,죽변 파출소,경상북도,울진군,오산읍,오산항 슬립웨이,항포구,오산항,,침수,추락,36.889225,129.4154944
2015-08-06,2015,19:20,저녁,목요일,서해 지방청,목포,진도 파출소,전라남도,진도군,지산면,전남 진도군 지산면 거제 선착장 ,항포구,거제,선착장,침수,추락,34.48608333,126.1731333
2015-08-11,2015,21:10,,,제주 지방청,제주,한림 파출소,제주특별자치도,제주시,한림읍,한림항 한수리포구 대섬횟집과 한림조선소 사이 도로 100미터 곡각지점 아래 한수리 방파제(외해 바깥쪽),방파제,,,침수,추락,33.42161111,126.2615
2015-08-15,2015,19:29,,,중부 지방청,인천,강화 파출소,인천광역시,강화군,교동,인천 강화군 교동 죽산포 선착장,항포구,죽산포,선착장,침수,추락,37.75831389,126.2410361
2015-08-15,2015,,,,서해 지방청,목포,북항 파출소,전라남도,신안군,압해읍,송공항 앞 ,항포구,송공항,,침수,추락,34.84794722,126.2269167
2015-08-19,2015,09:29,오전,수요일,서해 지방청,여수,돌산 파출소,전라남도,여수시,돌산읍,여수시 돌산읍 군내리 송학호 도선장 앞,항포구,돌산항,해안도로,침수,추락,34.61471667,127.7217361
2015-08-30,2015,,,,서해 지방청,목포,진도 파출소,전라남도,진도군,고군면,금계리 회동어촌계 앞 ,항포구,회동 마을,복지관,침수,추락,34.41994444,126.3431944
2015-08-30,2015,02:04,,,서해 지방청,목포,진도 파출소,전라남도,진도군,고군면,진도군 고군면 금계리 회동마을 앞 ,항포구,,,침수,추락,34.422325,126.34665
2015-08-30,2015,08:30,오전,,남해 지방청,통영,남해 파출소,경상남도,남해군,지족리,남해군 지족리 해바리 장어구이 앞 ,해안가,해안도로,해바리 장어구이,침수,추락,34.83265833,127.9930639
2015-09-14,2015,07:50,오전,,서해 지방청,부안,변산 파출소,전라북도,부안군,변산면,격포항 여객선터미널 옆 슬러프,항포구,격포항,슬립웨이,침수,추락,35.62054167,126.4701472
2015-09-15,2015,09:40,,,동해 지방청,포항,영일만 파출소,경상북도,포항시,북구,송라면 오도1리항 남쪽 500미터 해안,해안가,해안도로,,침수,추락,36.14926111,129.3975667
2015-09-18,2015,07:00,오전,,서해 지방청,부안,변산 파출소,전라북도,부안군,변산면,가력도 항내 3잔교 바지선 부근,항포구,가력도항,바지선 부근,침수,추락,35.72636389,126.5283917
2015-09-22,2015,08:40,오전,,서해 지방청,군산,새만금 파출소,전라북도,군산시,옥도면,신시도항 물량장,항포구,신시도항,물량장,침수,추락,35.82315556,126.4740639
2015-09-27,2015,19:59,,,동해 지방청,포항,감포 파출소,경상북도,경주시,감포읍,감포항 어민복지회관 앞 10m ,항포구,감포항,,침수,추락,35.80713611,129.5033722
2015-10-09,2015,18:29,오후,,남해 지방청,통영,고성 파출소,경상남도,고성군,동해면,고성군 동해면 내곡리 성나루모텔 앞 ,항포구,방파제,성나루모텔 앞,침수,추락,34.98923056,128.4084444
2015-10-24,2015,,,,서해 지방청,목포,진도 파출소,전라남도,진도군,진도읍,수유리 전두 2리 선착장,항포구,전두 2리,선착장,침수,추락,34.53898889,126.2276611
2015-10-30,2015,,,,동해 지방청,동해,강릉 파출소,강원도,강릉시,견소동,강릉항 송정출장소 앞 슬립웨이 10m 해상,항포구,강릉항,남방파제 슬립웨이,침수,추락,37.76964722,128.9539333
2015-10-31,2015,15:30,,,중부 지방청,보령,대천 파출소,충청남도,보령시,신흑동,보령시 신흑동 대천항 근해안강망 부두,항포구,대천항,안강망 부두,비침수,추락,36.32752778,126.5137861
2015-11-01,2015,12:40,오후,일요일,남해 지방청,부산,다대 파출소,부산광역시,사하구,다대동,부산 사하구 다대동 무지개공단 (주)EKI HI-TECH 앞 ,해안가,해안도로,해안도로,침수,추락,35.05425,128.9575833
2015-11-21,2015,00:09,오후,토요일,제주 지방청,서귀포,성산 파출소,제주특별자치도,서귀포시,성산읍,서귀포시 성산읍 오조리 한라전복 앞 도로(해안가),해안가,,,침수,추락,33.47111111,126.9172222
2015-11-21,2015,00:09,,,제주 지방청,서귀포,성산 파출소,제주특별자치도,서귀포시,성산읍,서귀포시 성산읍 오조리 한라전복 앞 도로(해안가),해안가,,,침수,추락,33.47111111,126.9172222
2015-11-26,2015,14:40,오후,,서해 지방청,군산,새만금 파출소,전라북도,군산시,옥도면,야미도 항내,항포구,야미도항,,침수,추락,35.84071111,126.4888167
2015-12-02,2015,08:17,,,동해 지방청,포항,포항 파출소,경상북도,포항시,남구,죽도어시장 공판장 앞 ,항포구,,,침수,추락,36.036475,129.3696361
2015-12-03,2015,10:20,오전,목요일,남해 지방청,부산,영도 파출소,부산광역시,영도구,동삼동,부산 영도구 동삼동 중리방파제 앞 ,항포구,중리항,방파제,침수,추락,35.068425,129.0649
2015-12-07,2015,10:54,,,동해 지방청,포항,포항 파출소,경상북도,포항시,남구,신항 74번선석,항포구,,,침수,추락,36.01445833,129.4124806
2015-12-10,2015,18:35,오전,목요일,남해 지방청,울산,기장 파출소,부산광역시,기장군,장안읍,월내 출장소 앞 ,항포구,월내항,,침수,추락,35.32538889,129.2767222
2015-12-23,2015,,,,서해 지방청,목포,영광 파출소,전라남도,영광군,홍농읍,계마항 ,항포구,계마항,,침수,추락,35.38961111,126.4072222
2015-12-30,2015,13:20,,,남해 지방청,울산,방어진 파출소,울산광역시,동구,방어동,슬도 횟집 앞 ,항포구,동진항,,침수,추락,35.48122222,129.4318889
2016-01-04,2016,,,,서해 지방청,목포,북항 파출소,전라남도,신안군,압해읍,송고리 분재공원 선착장 앞 ,항포구,분재공원,선착장,침수,추락,34.84127778,126.2519167
2016-01-04,2016,22:29,오후,,남해 지방청,통영,통영 파출소,경상남도,통영시,욕지면,경남 통영시 욕지면 동항리 자부마을 앞 ,해안가,자부마을 동영디젤 앞 ,,침수,추락,34.63466667,128.269575
2016-01-09,2016,,,,동해 지방청,속초,속초 파출소,강원도,속초시,장사동,장사항 장사출장소 앞 ,항포구,장사항,,침수,추락,38.22596944,128.5888167
2016-01-12,2016,10:32,,,서해 지방청,완도,마량 파출소,전라남도,완도군,금일읍,완도군 금일읍 신평리 사이 바닷길 공사구간,해안가,해안도로,동송항,침수,추락,34.35493611,127.0617444
2016-01-13,2016,11:52,,,서해 지방청,여수,광양 파출소,전라남도,여수시,월래동,여수시 월래동 월래선착장 앞,항포구,월래,선착장,침수,추락,34.85923611,127.7183583
2016-01-16,2016,21:05,,,동해 지방청,포항,포항 파출소,경상북도,포항시,남구,송도 형산강출장소 앞 해안가,해안가,,,침수,추락,36.03091944,129.3828528
2016-01-25,2016,09:48,,,동해 지방청,포항,강구 파출소,경상북도,영덕군,강구읍,강구 대게회타운(강구면 256-115),항포구,강구항,,침수,추락,36.35960556,129.3893972
2016-01-28,2016,19:50,오후,,남해 지방청,통영,고현 파출소,경상남도,거제시,사등면,경남 거제시 사등면 창호리 창촌마을 앞 ,항포구,,창촌마을 물량장,침수,추락,34.96120278,128.5155861
2016-02-19,2016,07:40,오전,금요일,남해 지방청,부산,광안리 파출소,부산광역시,해운대구,마린시티1로,해운대 티파니 유람선 선착장 앞 ,항포구,선착장,,침수,추락,35.15665278,129.1484056
2016-02-22,2016,12:55,,,동해 지방청,포항,영일만 파출소,경상북도,포항시,북구,오도1리항 남쪽 약 500미터 절벽 해안,해안가,해안도로,,비침수,추락,36.14926111,129.3975667
2016-02-26,2016,07:20,,,서해 지방청,완도,완도 파출소,전라남도,완도군,완도읍,완도군 완도읍 대신리 선착장,항포구,대신리,신정 방파제,침수,추락,34.31623889,126.6753278
2016-03-14,2016,23:40,저녁,월요일,제주 지방청,제주,제주 파출소,제주특별자치도,제주시,함덕리,제주시 함덕리 함덕포구에서 차량 추락,항포구,,,침수,추락,33.54591667,126.6609167
2016-03-19,2016,18:12,,,남해 지방청,창원,신항광역 파출소,경상남도,창원시,안돌동,안골동 대성티엘에스 앞 ,해안가,해안도로,대성티엘에스 앞,침수,추락,35.08761111,128.7847222
2016-04-06,2016,16:30,오후,,남해 지방청,통영,통영 파출소,경상남도,통영시,미수동,통영시 미수동 소재 우성수산 앞 ,해안가,해안도로,우성수산 앞,침수,추락,34.82516944,128.3949306
2016-04-13,2016,00:55,,,동해 지방청,포항,포항 파출소,경상북도,포항시,북구,포항지방해양수산청 후문 앞 ,항포구,포항구항,해안가,침수,추락,36.05155,129.3742333
2016-04-22,2016,13:50,,,남해 지방청,창원,마산 파출소,경상남도,마산시,구산면,마산 구산면 욱곡 방파제 앞 20미터 ,항포구,방파제,,,추락,35.09555556,128.5555556
2016-04-23,2016,22:30,,,서해 지방청,여수,돌산 파출소,전라남도,여수시,돌산읍,여수시 돌산읍 소재 신기선착장 끝단,항포구,신기항,선착장,침수,추락,34.60080833,127.7405833
2016-04-23,2016,04:35,,,동해 지방청,포항,포항 파출소,경상북도 ,포항시 ,북구,이어도 횟집 앞 ,해안가,두호항,해안가,침수,추락,36.0639,129.3875361
2016-05-08,2016,,,,서해 지방청,목포,지도 파출소,전라남도,무안군,운남면,조금나루선착장,항포구,조금나루,선착장,일부침수,추락,34.99334167,126.3331556
2016-05-10,2016,04:18,심야,화요일,서해 지방청,목포,진도 파출소,전라남도,진도군,임회면,전남 진도군 임회면 남동리 인근 ,해안가,,,침수,추락,34.36436389,126.1636778
2016-05-10,2016,,,,남해 지방청,울산,온산 파출소,울산광역시,남구,장생포동,장생포교회 앞 ,항포구,장생포항,장생포교회 앞,침수,추락,35.50255556,129.3774444
2016-05-10,2016,06:24,오전,,남해 지방청,통영,사천 파출소,경상남도,사천시,사남면,사천시 사남면 HSG중공업 크레인 앞 1m ,항포구,해안도로,HSG 중공업 크레인,침수,추락,35.06349722,128.0428667
2016-05-18,2016,20:49,,,중부 지방청,인천,인항 파출소,인천광역시,중구,항동,인천 중구 항동소재 연안부두 웅진수협바지 앞 ,항포구,연안부두,7잔교,침수,추락,37.45771389,126.5967444
2016-05-21,2016,05:22,,,서해 지방청,여수,돌산 파출소,전라남도,여수시,돌산읍,여수시 돌산읍 군내 도선장,항포구,돌산항,군내리 방파제,침수,추락,34.61368889,127.7235333
2016-05-31,2016,10:15,,,중부 지방청,인천,하늘바다 파출소,인천광역시,중구,운서동,영종도 잠진선착장이 아닌 덕교선착장 사고현장 수정,항포구,거잠포,선착장,침수,추락,37.42165278,126.4255333
2016-06-02,2016,04:40,심야,목요일,중부 지방청,인천,인항 파출소,인천광역시,중구,월미동,인천 중구 북성동 소재 인천해경 월미출장소 옆(공영주차장 앞 ),해안가,월미출장소 앞,주차장,침수,추락,37.476975,126.5978
2016-06-05,2016,14:05,오후,,남해 지방청,통영,노량 파출소,경상남도,사천시,서포면,경남 사천시 서포면 비토리(낙지포항),항포구,낙지포항,비토리 한일횟집 앞,침수,추락,34.96630278,127.9723806
2016-06-09,2016,11:02,오전,,남해 지방청,통영,통영 파출소,경상남도,통영시,용남면,거제 견내량 위판장 나루터 낚시점 앞 공터,항포구,해안도로,나래피싱 앞 공터,침수,추락,34.88641667,128.4692222
2016-06-11,2016,21:00,,,서해 지방청,완도,마량 파출소,전라남도,완도군,고금면,완도군 고금면 교성 선착장 해안도로,해안가,해안도로,교성,비침수,추락,34.42056944,126.8430556
2016-06-18,2016,17:10,오후,,남해 지방청,통영,고현 파출소,경상남도,거제시,하청면,경남 거제시 칠천도 해피투어 선착장 인근(통영장어무한리필 식당 앞),항포구,선착장,통영장어무한리필 식당 앞,침수,추락,34.98091667,128.6468611
2016-06-19,2016,07:00,,,남해 지방청,부산,광안리 파출소,부산광역시,남구,용호동,용호항 수상레저업체 더크라운 앞 ,항포구,용호항,더크라운 앞,침수,추락,35.13133333,129.1188611
2016-06-20,2016,06:08,오전,월요일,남해 지방청,울산,온산 파출소,울산광역시,남구,장생포동,울산 장생포 한백트레이딩 앞 ,해안가,해안도로,,침수,추락,35.50108333,129.3708889
2016-06-20,2016,18:29,오후,,남해 지방청,통영,통영 파출소,경상남도,통영시,광도면,통영시 광도면 창포항,항포구,창포항,물량장,침수,추락,36.40650556,129.4265722
2016-06-24,2016,21:33,,,남해 지방청,울산,기장 파출소,부산광역시,기장군,기장읍,기장군 소재 두호항포구,항포구,두호항,,침수,추락,35.24252778,129.2466667
2016-06-30,2016,04:40,심야,목요일,남해 지방청,통영,고현 파출소,경상남도,거제시,사등면,경남 거제시 사등면 가조도 창내 어촌계 회관 방파제 앞 20미터 ,항포구,방파제,창내어촌계 회관 앞 방파제,침수,추락,34.95894722,128.5286833
2016-07-03,2016,06:30,오전,,남해 지방청,통영,남해 파출소,경상남도,남해군,미조면,경남 남해군 미조면 미조리 남항 수협 유류 급유소 ,항포구,,남항수협 유류급유소,침수,추락,34.70904167,128.0465167
2016-07-04,2016,16:23,오후,월요일,서해 지방청,목포,진도 파출소,전라남도,진도군,임회면,진도군 임회면 마세리 인근 뻘,항포구,,,비침수,추락,34.37887778,126.1266417
2016-07-04,2016,11:33,오전,월요일,서해 지방청,여수,봉산 파출소,전라남도,여수시,화양면,여수시 화양면 백야도 동머리 방파제 앞 ,항포구,동머리,방파제,,추락,34.61233056,127.6515972
2016-07-13,2016,06:55,,,제주 지방청,서귀포,성산 파출소,제주특별자치도,서귀포시,성산읍,성산 도항선 선착장 항내 차량 추락,항포구,선착장,,침수,추락,33.47355556,126.9338333
2016-08-09,2016,14:22,,,서해 지방청,완도,마량 파출소,전라남도,완도군,약산면,완도군 약산면 당목항 여객선착장 앞 ,항포구,선착장,,침수,추락,34.37833333,126.9463889
2016-08-14,2016,07:46,오전,일요일,서해 지방청,목포,북항 파출소,전라남도,신안군,압해읍,신안군 압해읍 신장리 선착장,항포구,신장리,선착장,침수,추락,34.81475833,126.3571
2016-08-18,2016,,,,서해 지방청,목포,진도 파출소,전라남도,진도군,의신면,금갑리수품항 수품출장소 앞 ,항포구,수품항,,침수,추락,34.37946111,126.3068722
2016-08-22,2016,16:56,,,서해 지방청,완도,완도 파출소,전라남도,완도군,완도읍,완도군 완도읍 완도항 1부두,항포구,,,침수,추락,34.32111111,126.7486111
2016-08-26,2016,23:02,,,동해 지방청,포항,호미곶 파출소,경상북도 ,포항시 ,남구 ,도구해수욕장,해수욕장,도구 해수욕장,,침수,추락,35.99186111,129.4432139
2016-09-07,2016,09:00,오전,,서해 지방청,군산,해망 파출소,전라북도,군산시,옥도면,개야도 선착장,항포구,개야도항,선착장,비침수,추락,36.03255833,126.5565972
2016-09-07,2016,09:01,오전,수요일,서해 지방청,군산,변산 파출소,전라북도,군산시,옥도면,군산시 옥도면 개야도 선착장,항포구,개야도항,선착장,비침수,추락,36.03255833,126.5565972
2016-09-11,2016,10:04,오전,일요일,중부 지방청,보령,홍원 파출소,충청남도,서천군,서면,충남 서천군 서면 홍원항 마리나부두 선착장,항포구,선착장,마리나 선착장,침수,추락,36.15951111,126.50665
2016-09-13,2016,02:53,심야,,남해 지방청,통영,사천 파출소,경상남도,사천시,늑도동,사천시 늑도동 선착장 경사로,항포구,선착장,늑도동 선착장,침수,추락,34.92361389,128.0406222
2016-09-15,2016,10:04,오전,,남해 지방청,통영,사천 파출소,경상남도,사천시,향촌동,사천시 신향마을 방파제 앞,항포구,방파제,신향마을 방파제,침수,추락,34.92396111,128.0932194
2016-09-17,2016,16:20,,,중부 지방청,인천,하늘바다 파출소,인천광역시,중구,무의도,인천 중구 무의도 광명항 인근 덕점방파제,방파제,광명항,덕점,침수,추락,37.37138611,126.4350028
2016-09-19,2016,23:57,,,남해 지방청,부산,송정 파출소,부산광역시,기장군,기장읍,공수마을 시랑리 해안도로 '아랫길 횟집' 앞 해안가,해안가,해안도로,,일부침수,추락,35.18658889,129.2143528
2016-09-21,2016,11:13,오전,수요일,중부 지방청,보령,대천 파출소,충청남도,보령시,신흑동,보령시 신흑동 대천항 근해안강망 부두 앞 ,항포구,대천항,안강망 부두,비침수,추락,36.32752778,126.5137861
2016-09-25,2016,,,,서해 지방청,목포,북항 파출소,전라남도,목포시,북항동,북항 2부두 선착장,항포구,북항,2부두,침수,추락,34.80588333,126.3632528
2016-09-27,2016,23:23,,,서해 지방청,완도,노화 파출소,전라남도,완도군,소안면,완도군 소안면 진산리 선착장,항포구,진산항,진산 선착장,침수,추락,34.12601389,126.6518306
2016-09-28,2016,18:04,저녁,수요일,서해 지방청,여수,녹동 파출소,전라남도,보성군,회천면,보성군 회천면 율포선착장 앞 ,항포구,율포항,율포선착장,침수,추락,34.66731111,127.0842889
2016-09-29,2016,,,,서해 지방청,목포,지도 파출소,전라남도,무안군,현경면,홀통선착장,항포구,홀통,선착장,침수,추락,35.06183333,126.3319278
2016-10-07,2016,20:24,,,서해 지방청,완도,마량 파출소,전라남도,완도군,약산면,완도군 약산면 천동선착장 앞 ,항포구,천동,선착장 앞,침수,추락,34.39372778,126.8720583
2016-10-17,2016,13:47,,,서해 지방청,완도,회진 파출소,전라남도,완도군,금당면,완도군 금당면 차우리 앞 항포구,항포구,차우리항,차우리 앞,침수,추락,34.43506944,127.0706361
2016-10-20,2016,06:50,오전,목요일,서해 지방청,목포,북항 파출소,전라남도,무안군,운남면,무안군 운남면 신월선착장 ,항포구,신월항,신월리 선착장,침수,추락,34.96133333,126.2978611
2016-10-27,2016,19:30,,,제주 지방청,서귀포,성산 파출소,제주특별자치도,서귀포시,성산읍,서귀포시 성산읍 온평리 환해장성로 531앞 해안,해안가,,,침수,추락,33.40398056,126.9037889
2016-10-30,2016,14:00,,,중부 지방청,태안,안면 파출소,충청남도,서산시,부석면,창리항 선착장,항포구,창리항,선착장,침수,침수,36.62444444,126.3669444
2016-11-02,2016,08:09,오전,,남해 지방청,통영,장승포 파출소,경상남도,거제시,일운면,거제시 일운면 와현 유람선 선착장,항포구,방파제,와현 유람선,침수,추락,34.81120278,128.7050639
2016-11-05,2016,15:20,,,남해 지방청,부산,명지 파출소,부산광역시,강서구,명지동,중리항(어민복지회관) 앞,항포구,중리항,어민복지회관 앞,침수,추락,35.10661111,128.9298333
2016-11-05,2016,07:55,,,제주 지방청,제주,한림 파출소,제주특별자치도,제주시,한림읍,한림항 화물선 부두 앞 ,항포구,한림항,,침수,추락,33.41247222,126.2555278
2016-11-07,2016,06:03,오전,,남해 지방청,통영,사천 파출소,경상남도,고성군,하일면,고성군 용암포 방파제,항포구,용암포항,,침수,추락,34.90203333,128.1741472
2016-11-12,2016,18:24,,,남해 지방청,창원,마산 파출소,경상남도,창원시,마산합포구,창원시 마산합포구 구산면 심리 삼보가든 횟집,해안가,해안도로,상용호 삼거리 삼보가든,침수,추락,35.07615,128.6023361
2016-11-30,2016,13:44,,,동해 지방청,포항,감포 파출소,경상북도,경주시,감포읍,감포항 수협 급유소,항포구,감포항,수협 급유소,침수,추락,35.80811389,129.5044667
2016-12-11,2016,20:30,,,서해 지방청,여수,광양 파출소,전라남도,여수시,묘도동,여수시 묘도동 광양포 선착장,항포구,광양포 마을,선착장,침수,추락,34.88976389,127.6974028
2016-12-25,2016,10:17,오전,일요일,제주 지방청,제주,제주 파출소,제주특별자치도,제주시,제주항 5부두,제주시 제주항 5부두,항포구,,,침수,추락,33.52377778,126.5413056
2017-01-01,2017,10:33,오전,일요일,서해 지방청,목포,북항 파출소,전라남도,목포시,죽교동,672 북항 1부두 선착장,항포구,북항,1부두,침수,추락,34.80612778,126.3617417
2017-01-04,2017,16:43,,,서해 지방청,완도,마량 파출소,전라남도,강진군,도암면,강진군 도암면 용산리 선착장 ,방파제,용산리,선착장,침수,추락,34.54201944,126.7685611
2017-01-04,2017,11:00,,,제주 지방청,서귀포,성산 파출소,제주특별자치도,제주시,우도면,삼양동 전경초소 남동쪽 50m 지점,해안가,,,일부침수,추락,33.39151667,126.904375
2017-01-06,2017,17:39,오후,금요일,서해 지방청,목포,북항 파출소,전라남도,목포시,죽교동,672 북항 1부두 선착장,항포구,북항,1부두,침수,추락,34.80612778,126.3617417
2017-01-07,2017,07:44,,,제주 지방청,제주,한림 파출소,제주특별자치도,제주시,애월읍,제주시 애월읍 소재 애월 해안로 하얀성 앞 갯바위,해안가,갯바위,해안로 하얀성 앞,침수,추락,33.47830556,126.3670278
2017-01-15,2017,14:27,오후,일요일,중부 지방청,인천,하늘바다 파출소,인천광역시,중구,선녀바위로,남서방,항포구,선녀바위,선착장,일부침수,침수,37.43653889,126.3817167
2017-01-17,2017,11:26,,,제주 지방청,서귀포,서귀포 파출소,제주특별자치도,서귀포시,칠십리로,서귀포수협 연쇄점 앞 ,항포구,,,침수,추락,33.23950833,126.5633972
2017-01-25,2017,03:20,,,동해 지방청,포항,포항 파출소,경상북도,포항시,남구,포항 송도동 포항운하부근 ,항포구,포항운하부근,,침수,추락,36.03555556,129.3705556
2017-01-30,2017,11:36,오전,월요일,제주 지방청,서귀포,화순 파출소,제주특별자치도,서귀포시,대정읍,운진항 소형어선 부두,항포구,운진항,소형어선 계류시설,침수,추락,33.21041111,126.2564667
2017-02-03,2017,,,,동해 지방청,속초,주문진 파출소,강원도,강릉시,주문진읍,주문진항 해피아워호 부두,항포구,주문진항,해피아워호 부두,비침수,추락,37.88888889,128.8277778
2017-02-12,2017,13:30,,,중부 지방청,인천,연평 파출소,인천광역시,웅진군,연평면,당섬 외항 선착장(화물선 작업 부두),항포구,당섬,외항 선착장,침수,추락,37.655725,125.7129833
2017-02-12,2017,,,,중부 지방청,평택,평택 파출소,충청남도,당진시,송악읍,부곡공단로 68-20 짬모텔 앞,해안가,모래밭,짬모텔,침수,침수,36.94361111,126.7938889
2017-02-22,2017,20:33,,,동해 지방청,포항,영일만 파출소,경상북도,포항시,북구,포항시 흥해읍 칠포리 54-4(마루펜션 인근 해안가),해안가,해안도로,,비침수,추락,36.14590278,129.3966611
2017-02-25,2017,13:55,,,서해 지방청,완도,노화 파출소,전라남도,완도군,소안면,완도군 소안면 비서리 선착장,항포구,소안도나루터,비서리 선착장,침수,추락,34.17238611,126.6503
2017-02-26,2017,16:11,,,서해 지방청,목포,지도 파출소,전라남도,신안군,증도면,방축리 선착장,항포구,검산항,방축리 선착장,침수,추락,34.99561667,126.1060167
2017-02-28,2017,16:02,오후,,남해 지방청,통영,장승포 파출소,경상남도,거제시,장승포동,거제시 장승포동 수협 앞 방파제,항포구,장승포동 수협,,침수,추락,34.86647222,128.7298333
2017-03-01,2017,10:16,오전,수요일,중부 지방청,인천,신항만 파출소,경기도,시흥시,정왕동,시화방조제 중간선착장,항포구,시화방조제,중간선착장,침수,추락,37.32520278,126.6550444
2017-03-05,2017,14:20,,,동해 지방청,포항,포항 파출소,경상북도,포항시,남구,형산강출장소 앞 슬립웨이,항포구,형산강,형산강 출장소 앞 슬립웨이,침수,추락,36.03088611,129.3828722
2017-03-12,2017,14:26,오후,일요일,중부 지방청,평택,대부 파출소,경기도,화성시,우정읍,우정읍 매향리 농섬 진입로 중간지점,갯벌,,매항리 농섬,비침수,침수,37.03538611,126.7475778
2017-03-12,2017,08:10,,,제주 지방청,서귀포,서귀포 파출소,제주특별자치도,서귀포시,서귀동,서귀포항 6부두 외측 끝단,항포구,서귀포항,6부두 외측 끝단,침수,추락,33.237275,126.5693833
2017-03-15,2017,01:18,,,중부 지방청,태안,모항 파출소,충청남도,태안군,소원면,만리포해수욕장 해변,해수욕장,만리포 해수욕장,,일부침수,침수,36.78505833,126.1417472
2017-03-23,2017,07:28,,,제주 지방청,서귀포,화순 파출소,제주특별자치도,서귀포시,대정읍,운진항 여객대합실 앞 항내 ,항포구,운진항,여객대합실 앞 해상,침수,추락,33.20957778,126.2582056
2017-04-01,2017,,,,중부 지방청,평택,대부 파출소,경기도,화성시,우정읍,매향리 농섬 진입로,갯벌,,,비침수,침수,37.03538611,126.7475778
2017-04-03,2017,17:35,,,중부 지방청,인천,영흥 파출소,인천광역시,옹진군,영흥면,영흥도 목섬 남방 약 200미터 ,무인도서,목섬,,침수,침수,37.2329,126.5358611
2017-04-08,2017,,,,중부 지방청,평택,평택 파출소,충청남도,당진시,신평면,부수리 105-6 해안산책로(맷돌포구),해안가,,,침수,추락,36.90194444,126.8158333
2017-04-09,2017,,,,중부 지방청,평택,대부 파출소,경기도,화성시,우정읍,매향리 농섬 진입로,갯벌,매향리 농섬,,침수,침수,37.03538611,126.7475778
2017-04-10,2017,20:15,,,중부 지방청,인천,신항만 파출소,인천광역시,송도동,,송도블루오션 인근 ,해안가,해안도로,도로,침수,추락,37.35595556,126.6546889
2017-04-10,2017,06:40,,,중부 지방청,보령,대천 파출소,충청남도,보령시,신흑동,충남 보령시 신흑동 대천항 서부수협 앞,항포구,대천항,돌제선착장 슬립웨이,침수,추락,36.32749444,126.5138556
2017-04-12,2017,21:50,오후,,남해 지방청,통영,남해 파출소,경상남도,남해군,삼동면,남해군 삼동면 둔촌방파제 앞 ,항포구,둔촌항,방파제,침수,추락,34.83149167,128.0324167
2017-04-14,2017,10:45,오전,금요일,서해 지방청,목포,북항 파출소,전라남도,신안군,압해읍,고이도 선착장,항포구,고이항,고이도 선착장,침수,추락,34.96019167,126.2896611
2017-04-16,2017,04:31,심야,일요일,서해 지방청,목포,북항 파출소,전라남도,목포시,죽교동,목포시 북항 수협유류저장고 앞 ,항포구,북항,수협유류저장고 앞,침수,추락,34.80156389,126.35635
2017-04-23,2017,11:50,오전,일요일,서해 지방청,부안,변산 파출소,전라북도,부안군,변산면,전라북도 부안군 변산면 가력도항 방파제(가력도 출장소 정면 건너편),항포구,,,비침수,추락,35.72604722,126.5291306
2017-04-28,2017,02:54,,,중부 지방청,인천,신항만 파출소,인천광역시,송도동,,인천 송도 lng 부두 입구 송도블루오션골프 연습장 앞 ,해안가,해안도로,도로,침수,추락,37.35595556,126.6546889
2017-04-29,2017,21:14,,,중부 지방청,보령,홍원 파출소,충청남도,서천군,서면,충남 서천군 서면 홍원 마리나항 슬립웨이,항포구,마리나항,슬립웨이,침수,추락,36.15951111,126.50665
2017-04-29,2017,05:00,,,중부 지방청,보령,홍원 파출소,충청남도,서천군,서면,충남 서천군 서면 홍원항 홍원파출소 부근,항포구,홍원항,홍원파출소 앞,비침수,추락,36.15901389,126.4998056
2017-05-03,2017,06:38,,,서해 지방청,여수,나로도 파출소,전라남도,고흥군,점암면,고흥군 점암면 여호항 여호위판소 앞,항포구,여호항,여호위판소,침수,추락,34.66253333,127.4711222
2017-05-04,2017,18:14,오후,,서해 지방청,군산,새만금 파출소,전라북도,군산시,옥도면,신시도항 물량장,항포구,신시도항,슬립웨이,일부침수,침수,35.82315556,126.4740639
2017-05-05,2017,00:24,,,중부 지방청,태안,학암포 파출소,충청남도,태안군,소원면,의항리 개목항 방향 웅도 방조제,해안가,웅도 방조제,,침수,침수,36.83065,126.1661806
2017-05-08,2017,23:09,,,서해 지방청,여수,봉산 파출소,전라남도,여수시,돌산읍,여수시 돌산읍 우두리 용비치 펜션 앞 ,해안가,우두리 물양장,물량장,침수,추락,34.73318333,127.7433833
2017-05-09,2017,02:40,,,중부 지방청,인천,신항만 파출소,인천광역시,송도동, ,인천 송도 lng 부두 입구 송도블루오션골프 연습장 앞 ,해안가,해안도로,도로,침수,추락,37.35595556,126.6546889
2017-05-09,2017,10:09,,,남해 지방청,부산,광안리 파출소,부산광역시,수영구,광안해변로,광안대교(삼익비치아파트) 앞 ,해안가,,,침수,추락,35.14280556,129.1176944
2017-05-19,2017,14:54,오후,금요일,서해 지방청,목포,서산 파출소,전라남도,목포시,죽교동,수협 위판장 쇄빙탑 부근(수협위판장),항포구,목포항,수협위판장,침수,추락,34.78061111,126.3773194
2017-05-20,2017,02:21,,,중부 지방청,보령,오천 파출소,충청남도,보령시,오천면,충남 보령시 오천면 오천항 내 안강망 선착장,항포구,오천항,선착장,침수,추락,36.43895278,126.5196861
2017-05-20,2017,19:00,저녁,토요일,남해 지방청,부산,영도 파출소,부산광역시,영도구,태종로,한국해양대학교 실습선 앞 ,해안가,한국해양대학교,,침수,추락,35.07671389,129.087875
2017-05-21,2017,15:46,,,서해 지방청,완도,완도 파출소,전라남도,완도군,신지면,완도군 신지면 송곡 선착장,항포구,송곡항,장보고대교 교각 아래,침수,추락,34.34483611,126.7861667
2017-06-03,2017,04:16,심야,,남해 지방청,통영,고성 파출소,경상남도,통영시,광도면,통영시 광도면 안정리 예포마을 해안도로 끝,해안가,해안도로,,침수,추락,34.94166667,128.4255556
2017-06-04,2017,20:24,,,중부 지방청,인천,강화 파출소,인천광역시,강화군,길상면,강화도 황산바다낚시터,해안가,해안도로,황산바다낚시터,비침수,추락,37.62020833,126.5354333
2017-06-07,2017,00:10,,,중부 지방청,보령,홍원 파출소,충청남도,서천군,서면,충남 서천군 서면 홍원항 가온낚시점 앞 슬립웨이,항포구,홍원항,가온낚시 앞 슬립웨이,침수,추락,36.15186389,126.5131917
2017-06-09,2017,16:20,,,중부 지방청,태안,학암포 파출소,충청남도,서산시,대산읍,웅도 잠수교,해안가,연육교,잠수교,침수,침수,36.92473333,126.3899917
2017-06-11,2017,05:25,,,중부 지방청,인천,강화 파출소,인천광역시,강화군,화도면,강화도 후포항 선착장,항포구,후포항,선착장,침수,침수,37.64057222,126.3915167
2017-06-13,2017,17:51,,,중부 지방청,태안,학암포 파출소,충청남도,서산시,팔봉면,구도항 선착장 끝단 ,항포구,구도항,선착장,침수,침수,36.82736667,126.3272083
2017-06-13,2017,00:36,,,서해 지방청,여수,돌산 파출소,전라남도,여수시,남면,여수시 남면 우학리 여남 초등학교 앞 도로,해안가,해안가 추락,,일부침수,추락,34.51076389,127.7665444
2017-06-15,2017,08:07,,,중부 지방청,보령,홍성 파출소,충청남도,홍성군,궁리,충남 홍성군 궁리 농어촌공사 사무실 앞 ,항포구,궁리포구,궁리 농어촌공사 사무실 앞,침수,추락,36.59437778,126.4569472
2017-06-18,2017,16:48,오후,일요일,서해 지방청,목포,서산 파출소,전라남도,목포시,삼학로,목포시 대흥수산 쇄빙탑 앞 ,항포구,목포항,대흥수산 앞,침수,추락,34.78665556,126.3928
2017-06-20,2017,11:10,오전,,서해 지방청,군산,비응 파출소,전라북도,군산시,비응도동,수협 제빙공장 앞,항포구,비응항,수협 제빙공장,침수,추락,35.93456111,126.5316111
2017-06-24,2017,21:55,저녁,,중부 지방청,평택,대산 파출소,충청남도,당진시,석문면,도비도 선착장,항포구,도비도항,선착장,일부침수,추락,37.01821389,126.4616306
2017-06-24,2017,04:40,심야,토요일,중부 지방청,보령,오천 파출소,충청남도,보령시,오천면,충남 보령시 오천면 오천항 내 안강망 선착장,항포구,오천항,선착장,침수,추락,36.43895278,126.5196861
2017-07-08,2017,21:00,저녁,토요일,서해 지방청,목포,진도 파출소,전라남도,진도군,의신면,인근 ,항포구,,,침수,추락,34.38968889,126.2912889
2017-07-10,2017,,,,남해 지방청,울산,울산항 파출소,울산광역시,남구,장생포동,"일반부두, 작업차 이동중 부주의로  추락",항포구,일반부두 앞,,침수,추락,35.5075,129.3872222
2017-07-11,2017,15:36,,,제주 지방청,제주,제주 파출소,제주특별자치도,제주시,도두항서길,도루항 마리나 슬립웨이(경사지) 앞 ,항포구,도두항,슬립웨이,침수,추락,33.50826944,126.4662917
2017-07-15,2017,06:59,오전,토요일,중부 지방청,인천,인항 파출소,인천광역시,중구,축항대로,인천 중구 연안부두 5잔교 수협공판장 앞 ,항포구,연안부두,5잔교,침수,추락,37.45957222,126.5987611
2017-07-17,2017,07:39,,,서해 지방청,목포,영광 파출소,전라남도,영광군,연산면,두우리 갯벌체험장,갯벌,갯벌체험장,두우리 어촌마을체험관,일부침수,침수,35.23145556,126.3004639
2017-07-23,2017,13:06,,,제주 지방청,서귀포,화순 파출소,제주특별자치도,서귀포시,대정읍,수협어판장,항포구,모슬포항,수협어판장,침수,추락,33.21651389,126.2505667
2017-07-24,2017,18:08,,,중부 지방청,평택,대산 파출소,충청남도,서산시,대산읍,독곶리 해안가,해안가,해안도로,,침수,추락,36.98258611,126.3519722
2017-07-24,2017,18:08,저녁,월요일,중부 지방청,태안,학암포 파출소,충청남도,서산시,대산읍,"독곶리 509-8, 해안도로 옆 ",해안가,해안도로,,침수,추락,36.98258889,126.3519528
2017-07-31,2017,20:35,,,서해 지방청,여수,돌산 파출소,전라남도,여수시,돌산읍,방죽포 해수욕장 방파제,방파제,방죽포,,비침수,추락,34.63077222,127.7942667
2017-08-04,2017,11:48,,,중부 지방청,태안,안면 파출소,충청남도,태안군,남면,당암포구,항포구,당암포구,,일부침수,침수,36.62146389,126.3554667
2017-08-08,2017,17:40,오후,화요일,서해 지방청,부안,변산 파출소,전라북도,부안군,변산면,전라북도 변산면 궁항 선박이동 슬로프,항포구,궁항,,비침수,추락,35.59973333,126.4681778
2017-08-09,2017,02:30,심야,수요일,제주 지방청,서귀포,서귀포 파출소,제주특별자치도,서귀포시,서홍동,로즈마린 카폐 앞 포구,항포구,서귀포항,서부두,침수,추락,33.24200556,126.5596722
2017-08-13,2017,06:00,오전,일요일,서해 지방청,완도,마량 파출소,전라남도,강진군,마량면,해양구조협회 강진구조대 사무실 옆 선착장,항포구,마량항,선착장,침수,추락,34.44931111,126.8182611
2017-08-13,2017,16:48,,,서해 지방청,여수,봉산 파출소,전라남도,여수시,소호동,여수시 소호요트장 ,해안가,,소호요트 주차장,침수,추락,34.73889722,127.6503417
2017-08-17,2017,21:22,,,중부 지방청,보령,홍원 파출소,충청남도,서천군,서면,충남 서천군 서면 홍원항 너뱅이횟집 앞 갯바위,갯바위,홍원항,너뱅이횟집,침수,추락,36.15917778,126.4988111
2017-08-19,2017,15:56,,,동해 지방청,속초,속초 파출소,강원도,고성군,문암리,고성군 문암1리 항내,항포구,문암1리 항내,,침수,추락,38.30262222,128.5483667
2017-08-22,2017,08:04,,,서해 지방청,여수,봉산 파출소,전라남도,여수시,소호로,여수시 소호동 디오션리조트 앞 ,해안가,디오션리조트 앞,방파제,침수,추락,34.73250833,127.6464
2017-08-22,2017,19:57,오후,,남해 지방청,통영,장승포 파출소,경상남도,거제시,일운면,거제시 일운면 지세포리 선창 마을회관 앞,해안가,해안도로,선창 마을회관,침수,추락,34.83233056,128.7154083
2017-08-27,2017,08:24,오전,일요일,제주 지방청,제주,제주 파출소,제주특별자치도,제주시,조천읍 신촌리,동동노인정 앞 포구,항포구,신촌동포구,동동노인정 앞,비침수,추락,33.53813333,126.622825
2017-08-31,2017,23:11,,,서해 지방청,여수,녹동 파출소,전라남도,고흥군,금산면,전남 고흥군 금산면 금진항 2미터 ,항포구,금진항,선착장,침수,추락,34.49008889,127.123575
2017-09-01,2017,17:10,,,중부 지방청,태안,안면 파출소,충청남도,태안군,남면,태안군 마검포항 선착장,항포구,마검포항,선착장,침수,추락,36.62252222,126.2848778
2017-09-08,2017,05:11,오전,,남해 지방청,통영,고현 파출소,경상남도,거제시,내간리,거제시 거제면 내간리 원조굴구이 앞 선착장,항포구,선착장,,침수,추락,34.84614722,128.5671306
2017-09-09,2017,04:05,,,중부 지방청,태안,안면 파출소,충청남도,태안군,고남면,충남 태안군 탄개항 인근,항포구,탄개항,,일부침수,침수,36.40609444,126.4264833
2017-09-09,2017,16:20,,,중부 지방청,태안,안면 파출소,충청남도,태안군,고남면,구매항,항포구,구매항,,일부침수,침수,36.42471111,126.4319583
2017-09-09,2017,15:00,,,중부 지방청,태안,안면 파출소,충청남도,서산시,부석면,간월암 삼거리 해변,해안가,간월암 슬립웨이,,일부침수,추락,36.60543056,126.4127028
2017-09-12,2017,17:10,,,중부 지방청,태안,안면 파출소,충청남도,태안군,고남면,충남 태안군 영목항,항포구,영목항,슬립웨이,침수,침수,36.399325,126.4266389
2017-09-16,2017,14:55,,,서해 지방청,여수,녹동 파출소,전라남도,보성군,회천면,전남 보성군 회천면 율포리 우암선착장 ,항포구,우암,선착장,침수,추락,34.66990833,127.0951167
2017-09-18,2017,14:30,,,중부 지방청,인천,하늘바다 파출소,인천광역시,중구,운서동,덕교선착장,항포구,거잠포,선착장,일부침수,침수,37.42165278,126.4255333
2017-09-23,2017,15:22,,,중부 지방청,보령,대천 파출소,충청남도,보령시,웅천읍,보령시 웅천읍 무창포항 다리 인근 슬립웨이,항포구,무창포,슬립웨이,일부침수,침수,36.2486,126.538175
2017-09-30,2017,13:22,,,중부 지방청,평택,평택 파출소,충청남도,당진시,신평면,당진시 삽교방조제 함상공원 인근 갯벌,갯벌,삽교방조제,함상공원,비침수,추락,36.89256944,126.8215333
2017-09-30,2017,04:20,,,동해 지방청,속초,주문진 파출소,강원도,강릉시,주문진읍,강릉시 주문진항 위판장(항구 주차장 앞 ),항포구,주문진항,항구 주차장,침수,추락,37.89166667,128.8305556
2017-09-30,2017,08:30,,,제주 지방청,서귀포,화순 파출소,제주특별자치도,서귀포시,대정읍,서귀포시 대정읍 하모리 운진항 여객선 주차장,항포구,운진항 여객선 주차장,,침수,추락,33.20998611,126.2566361
2017-10-05,2017,07:35,오전,,남해 지방청,통영,사천 파출소,경상남도,남해군,창선면,남해군 창선면 당저2리(해창마을) 방파제 인근 ,방파제,해창마을 방파제,해창항,침수,추락,34.84043611,128.0186806
2017-10-06,2017,14:40,,,중부 지방청,평택,대산 파출소,충청남도,당진시,석문면,충남 당진시 석문면 도비도 선착장,항포구,도비도항,선착장,침수,침수,37.01821389,126.4616306
2017-10-06,2017,15:50,,,중부 지방청,보령,대천 파출소,충청남도,보령시,신흑동,보령시 대천항 여객선부두 옆 슬립웨이,항포구,대천항,여객선부두 옆 슬립웨이,일부침수,침수,36.327475,126.5138417
2017-10-07,2017,17:00,,,중부 지방청,평택,당진 파출소,충청남도,당진시,석문면,충남 당진시 석문면 용무치항,항포구,용무치항,선착장,일부침수,침수,37.03451389,126.5512417
2017-10-08,2017,21:59,,,서해 지방청,완도,마량 파출소,전라남도,완도군,약산면,완도군 약산면 가사동백숲 해변,해안가,해변,가사동백숲,침수,추락,34.37057222,126.9283944
2017-10-09,2017,16:09,,,중부 지방청,평택,대산 파출소,충청남도,당진시,석문면,충남 당진시 석문면 도비도 선착장,항포구,도비도항,선착장,침수,침수,37.01821389,126.4616306
2017-10-11,2017,10:50,,,동해 지방청,속초,속초 파출소,강원도,속초시,청호동,속초항 청초호 내 부두(설악대교 밑 신수로 입구),항포구,속초항,청초호 내 부두,침수,추락,38.20031667,128.5935917
2017-10-16,2017,09:00,,,중부 지방청,인천,강화 파출소,인천광역시,강화군,삼산면,서검항 선착장,항포구,서검항,선착장,침수,추락,37.73080833,126.2366
2017-10-16,2017,13:15,,,중부 지방청,인천,신항만 파출소,경기도 ,시흥시,정왕동,오이도 중간선착장,항포구,시화방조제,중간선착장,비침수,침수,37.32520278,126.6550444
2017-10-19,2017,01:00,,,서해 지방청,완도,노화 파출소,전라남도,완도군,보길도,완도군 보길도 여항리 선착장 앞 ,항포구,여항리,선착장,침수,추락,34.159925,126.5937944
2017-10-21,2017,15:29,,,중부 지방청,평택,대산 파출소,충청남도,서산시,대산읍,충남 서산시 대산읍 화곡리 삼길포 여객선 선착장,항포구,삼길포항,선착장,침수,침수,37.00356389,126.4527694
2017-10-24,2017,15:25,오후,화요일,중부 지방청,인천,신항만 파출소,경기도,시흥시,정왕동,오이도 중간선착장 내,항포구,시화방조제,중간선착장,침수,침수,37.32520278,126.6550444
2017-10-30,2017,20:50,,,서해 지방청,완도,노화 파출소,전라남도,완도군,노화읍,완도군 노화읍 넙도선착장,항포구,넙도,선착장,침수,추락,34.18268333,126.4956472
2017-11-04,2017,15:20,,,중부 지방청,인천,신항만 파출소,경기도 ,시흥시,정왕동,오이도 중간선착장,항포구,시화방조제,중간선착장,침수,침수,37.32520278,126.6550444
2017-11-09,2017,18:40,,,서해 지방청,여수,봉산 파출소,전라남도,여수시,소호9길,여수시 소호동 소제마을 앞 ,항포구,소제마을,선착장,침수,추락,34.73576389,127.6482917
2017-11-09,2017,15:51,오후,,남해 지방청,통영,장승포 파출소,경상남도,거제시,팔랑포2길,거제시 옥포동 팔랑포 방파제 끝단,방파제,팔랑포 방파제,,침수,추락,34.89882778,128.7089778
2017-11-13,2017,07:00,,,남해 지방청,울산,온산 파출소,울산광역시,울주군,서생면,울산 울주군 서생면 진하항,항포구,진하항,,일부침수,추락,35.38972222,129.3441667
2017-11-17,2017,10:43,,,중부 지방청,태안,신진 파출소,충청남도,태안군,근흥면,신진항 물량장 앞,항포구,신진항,물량장,침수,추락,36.67867778,126.1363556
2017-12-02,2017,15:55,,,서해 지방청,완도,완도 파출소,전라남도,완도군,신지면,완도군 명사 방파제,항포구,임촌항,명사십리 산책로,침수,추락,34.32498611,126.8036
2017-12-08,2017,07:45,,,중부 지방청,인천,연평 파출소,인천광역시,웅진군,연평면,인천 웅진군 연평면 당섬 외항 선착장,항포구,당섬,외항 선착장,침수,추락,37.655725,125.7129833
2017-12-09,2017,04:20,오전,,남해 지방청,통영,장승포 파출소,경상남도,거제시,능포로,거제시 능포항 방파제 ,방파제,능포항 방파제,,침수,추락,34.88503611,128.7375278
2017-12-11,2017,23:32,저녁,월요일,동해 지방청,포항,포항 파출소,경상북도,포항시,남구,송도동 포항구항 쌍용모래부두 앞,항포구,포항구항,,침수,추락,36.04957778,129.3753139
2017-12-15,2017,22:00,오후,,남해 지방청,통영,통영 파출소,경상남도,통영시,산양읍,통영시 산양읍 신전리 오대양수산 옆 하천,해안가,오대양수산 옆,,비침수,추락,34.78813056,128.4215139
2017-12-20,2017,14:25,,,중부 지방청,평택,대부 파출소,경기도,화성시,우정읍,경기도 화성시 우정읍 매항리 농섬 진입로,갯벌,농섬 진입로 갯벌,,침수,침수,37.03538611,126.7475778
2017-12-21,2017,16:43,오후,,서해 지방청,군산,새만금 파출소,전라북도,군산시,옥도면,군산시 옥도면 신시도리 신시도항 정다운슈퍼 앞 선착장,항포구,신시도항,선착장,침수,침수,35.82315556,126.4740639
2017-12-23,2017,00:39,,,중부 지방청,인천,강화 파출소,인천광역시,강화군,길상면,강화도 황산도 레저낚시터 인근 갯벌,해안가,황산도,레저낚시터,침수,추락,37.61776389,126.5359944
2017-12-28,2017,19:26,오후,,남해 지방청,통영,통영 파출소,경상남도,통영시,산양읍,통영시 산양면 풍화리 동부마을 선착장,항포구,선착장,,침수,추락,34.82666667,128.3752778
2017-12-31,2017,13:32,,,중부 지방청,평택,대산 파출소,충청남도,서산시,대산읍,충남 서산시 대산읍 화곡리 삼길포 여객선 선착장,항포구,삼길포항,선착장,침수,침수,37.00356389,126.4527694
2018-01-08,2018,04:09,심야,,남해 지방청,통영,통영 파출소,경상남도,통영시,산양읍,통영시 산양읍 답하마을 입구 하천,항포구,선착장,,침수,추락,34.7883,128.4215361
2018-01-10,2018,10:40,,,동해 지방청,속초,대포 파출소,강원도,양양군,손양면,양양군 손양면 오산길 16-24(쏠비치 앞 방파제),항포구,,쏠비치 앞 방파제,침수,추락,38.09044444,128.6659417
2018-01-13,2018,15:19,,,중부 지방청,태안,안면 파출소,충청남도,태안군,남면,충남 태안군 남면 당암리(서해안 횟집 뒤편),해안가,당암리,,침수,추락,36.61905556,126.3538556
2018-01-14,2018,13:54,,,서해 지방청,여수,녹동 파출소,전라남도,고흥군,도양읍,고흥군 도양읍 녹동여객선 터미널,항포구,녹동항,녹동 여객선터미널,침수,추락,34.52306111,127.1436056
2018-01-17,2018,23:27,,,중부 지방청,인천,강화 파출소,인천광역시,강화군,길상면,경찰수련원 인근,해안가,강화도,경찰수련원,비침수,추락,37.62476111,126.5341417
2018-01-22,2018,08:06,오전,월요일,제주 지방청,서귀포,화순 파출소,제주특별자치도,서귀포시,대정읍,서귀포시 대정읍 운진항,항포구,운진항,운진항 여객선 주차장,침수,추락,33.20957778,126.2582222
2018-01-24,2018,01:05,심야,,남해 지방청,통영,장승포 파출소,경상남도,거제시,장승포동,거제시 장승포동 장승포 5구 하얀등대횟집 앞,해안가,해안도로,하얀등대횟집 앞,침수,추락,34.86221389,128.7259972
2018-01-26,2018,09:52,,일요일,남해 지방청,부산,송정파출소,부산광역시,해운대구,송정동,송정 죽도공원 화장실 앞 슬립웨이,해안가,죽도공원,죽동공원 경사로,비침수,추락,35.18016111,129.2050139
2018-01-31,2018,10:40,오전,,서해 지방청,군산,해망 파출소,전라북도,군산시,소룡동,군산 소룡동 소재 소룡대행신고소 앞 ,항포구,선착장,,침수,추락,35.98754722,126.6948139
2018-02-02,2018,03:00,,,남해 지방청,울산,방어진 파출소,울산광역시,동구,일산동,울산 동구 일산항 활어시장 앞,항포구,일산항 활어시장,,침수,추락,35.50025,129.4346944
2018-02-04,2018,21:44,저녁,일요일,서해 지방청,목포,북항 파출소,전라남도,목포시,죽교동,서해어업관리단 전용부두 정문 왼쪽 약 5m,항포구,전용부두,,침수,추락,34.79488056,126.3549833
2018-02-04,2018,13:26,,,서해 지방청,완도,마량 파출소,전라남도,강진군,마량면,강진군 마량항,항포구,마량항,,침수,추락,34.44900833,126.821575
2018-02-07,2018,12:28,오후,수요일,서해 지방청,목포,신안 파출소,전라남도,신안군,도초면,이곡리 선착장,항포구,이곡리,조진리 선착장,침수,추락,34.70118611,126.0135417
2018-02-13,2018,10:58,,,남해 지방청,울산,기장 파출소,부산광역시,기장군,장안읍,기장 임랑항 방파제 앞 20m 해상,해안가,임랑항,방파제 앞,침수,추락,35.3154,129.2624278
2018-02-14,2018,18:15,저녁,수요일,서해 지방청,목포,서산 파출소,전라남도,신안군,하의면,새구미선착장 앞 인근,항포구,새구미,선착장,침수,추락,34.58812222,126.0208667
2018-03-02,2018,17:14,,,중부 지방청,평택,안산 파출소,경기도,안산시,구봉도,경기도 안산시 소재 구봉도 낙조전망대 인근 해안가,해안가,낙조전망대,,침수,침수,37.28583333,126.5391667
2018-03-04,2018,07:10,,,서해 지방청,완도,마량 파출소,전라남도,완도군,금일읍,완도군 금일읍 일정항,항포구,일정항,슬립웨이,침수,추락,34.36127778,126.9891583
2018-03-04,2018,23:00,오후,,남해 지방청,통영,고현 파출소,경상남도,거제시,사등면,거제시 사등면 모래실 사곡교회 앞 물량장,방파제,사곡교회 물량장,,침수,추락,34.90497222,128.5752222
2018-03-14,2018,17:48,,,제주 지방청,서귀포,성산 파출소,제주특별자치도,서귀포시,성산읍,서귀포시 성산읍 시흥하동로 112,항포구,시흥리 어촌계,,비침수,추락,33.479425,126.9094639
2018-03-16,2018,03:03,,,중부 지방청,평택,대산 파출소,충청남도,서산시,대산읍,서산시 대산읍 삼길포항 유람선 슬립웨이 선착장,항포구,삼길포항,선착장,침수,추락,37.00468889,126.4524028
2018-03-16,2018,02:58,,,중부 지방청,평택,평택 파출소,충청남도,당진시,송악읍,충남 당진시 송악읍 안섬포구 슬립웨이,항포구,경사로,,일부침수,추락,36.98691667,126.7388083
2018-03-17,2018,22:00,오후,,서해 지방청,군산,새만금 파출소,전라북도,군산시,옥도면,군산시 옥도면 신치항 선착장,항포구,신치항,선착장,침수,추락,35.82315556,126.4740639
2018-03-19,2018,09:15,,,남해 지방청,창원,진해 파출소,경상남도,창원시,진해구,명동항~삼포항 도로변 낭떠러지,해안가,도로,해안도로,일부침수,추락,35.09471111,128.7266722
2018-03-20,2018,02:13,,,서해 지방청,완도,완도 파출소,전라남도,완도군,신지면,완도군 신지도 선착장,항포구,신지도,선착장,침수,추락,34.33360278,126.8059833
2018-03-21,2018,13:33,,,동해 지방청,포항,호미곶 파출소,경상북도,포항시,남구,포항시 남구 동해면 입암리 머메이드 레스토랑 옆,해안가,올레길,머메이드 레스토랑 옆,비침수,추락,36.00908889,129.4692083
2018-03-30,2018,10:11,,,서해 지방청,완도,마량 파출소,전라남도,강진군,대구면,강진군 대구면 저두항 방파제,항포구,저두항,방파제,침수,추락,34.53543056,126.7902306
2018-04-01,2018,03:11,,,동해 지방청,포항,포항 파출소,경상북도,포항시,남구,포항 죽도시장 건너편 세잔베르체 앞,해안가,,,침수,추락,36.03575,129.3709083
2018-04-03,2018,06:40,,,중부 지방청,태안,신진 파출소,충청남도,태안군,근흥면,충남 태안군 연포 선착장,항포구,연포 선착장,선착장,침수,추락,36.68935278,126.2092444
2018-04-04,2018,20:00,,,중부 지방청,인천,연평 파출소,인천광역시,옹진군,연평면,소연평도 동측방파제 앞 ,방파제,소연평도,동측,침수,추락,37.61416667,125.7094444
2018-04-04,2018,14:30,,,동해 지방청,속초,속초 파출소,강원도,속초시,장사동,장사항 부두 활어센터,항포구,장사항,활어회센터,침수,추락,38.22596111,128.5888222
2018-04-10,2018,12:03,,,중부 지방청,보령,대천 파출소,충청남도,보령시,신흑동,대천항 여객선 터미널 물량장 앞 ,항포구,대천항,물량장,침수,추락,36.32752222,126.5124306
2018-04-10,2018,13:21,오후,화요일,서해 지방청,목포,서산 파출소,전라남도,목포시,해안로,인도양횟집 앞 ,해안가,,,침수,추락,34.78076389,126.3696
2018-04-12,2018,10:12,오전,목요일,서해 지방청,완도,완도 파출소,전라남도,완도군,청산면,도청항,항포구,,,침수,추락,34.18111111,126.8538889
2018-04-12,2018,10:10,,,서해 지방청,완도,완도 파출소,전라남도,완도군,청산면,청산면 도청항 슬로프(경사도),항포구,선착장,,침수,추락,34.18111111,126.8538889
2018-04-13,2018,21:23,,,중부 지방청,인천,하늘바다 파출소,인천광역시,중구,운서동,영종도 삼목선착장 앞 갯벌,항포구,삼목,선착장,침수,추락,37.49984167,126.4524583
2018-04-14,2018,02:19,,,서해 지방청,여수,나로도 파출소,전라남도,고흥군,남양면,고흥군 남양면 월정리 선착장,항포구,월정리,선착장,침수,추락,34.75169722,127.3889222
2018-04-26,2018,12:22,,,중부 지방청,보령,홍원 파출소,충청남도,서천군,서면,홍원 마리나항 슬립웨이,항포구,마량항 슬립웨이,,침수,추락,36.15951111,126.50665
2018-05-10,2018,16:08,오후,,남해 지방청,통영,노량 파출소,경상남도,남해군,고현면,남해군 고현면 갈화리 방파제 앞 ,항포구,방파제,선착장,침수,추락,34.89884167,127.8404667
2018-05-12,2018,23:11,,,동해 지방청,속초,속초 파출소,강원도,속초시,청호동,속초항 부두(청호동 이바이마을 앞 ),해안가,속초항,설악대교 밑,침수,추락,38.20541111,128.5945167
2018-05-14,2018,10:00,오전,,남해 지방청,통영,노량 파출소,경상남도,하동군,금남면,하동군 금남면 노량 해안마을 낚시광장,해안가,해안도로,동살낚시광장,침수,추락,34.95022222,127.882125
2018-05-15,2018,05:15,오후,,남해 지방청,통영,사천 파출소,경상남도,사천시,팔포3길,사천시 서금동 팔포 세종1호(사랑도 여객선 터미널),항포구,팔포 여객선 터미날,슬립웨이,침수,추락,34.92564167,128.0792667
2018-05-19,2018,06:20,오전,토요일,서해 지방청,목포,북항 파출소,전라남도,신안군,압해읍,압해읍 대천리 631-1,해안가,,선착장,일부침수,추락,34.87270833,126.2700556
2018-05-20,2018,21:48,오후,,남해 지방청,통영,통영 파출소,경상남도,통영시,산양읍,통영시 산양읍 남평리 한산도수산 앞 ,항포구,한산도수산,,침수,추락,34.81738333,128.3873222
2018-05-31,2018,22:16,,,남해 지방청,통영,고현 파출소,,거제시,장목면,거제시 장목면 관포길 23번지,항포구,관포항,관포리 입구 선착장,침수,추락,34.99214167,128.6944361
2018-06-01,2018,18:36,,,중부 지방청,태안,안면 파출소,충청남도,서산시,간월도,충남 서산시 간월도 선착장,항포구,간월도,선착장,침수,추락,36.60625833,126.4109944
2018-06-02,2018,20:58,,,서해 지방청,완도,마량 파출소,전라남도,강진군,대구면,강진군 대구면 구수리 남호리 선착장,항포구,남호리,선착장,침수,추락,34.48313056,126.7970583
2018-06-18,2018,19:02,,,남해 지방청,울산,진하 파출소,울산광역시,울주군,서생면,울산 신리항 앞,항포구,신리항,,침수,추락,35.34266667,129.3192778
2018-06-25,2018,20:45,,,남해 지방청,울산,기장 파출소,부산광역시,기장군,기장읍,부산 기장군 기장읍 죽성리 두호항 ,항포구,두호항,선착장 크레인 부근,침수,추락,35.24252778,129.2466667
2018-07-06,2018,10:02,,,중부 지방청,태안,신진 파출소,충청남도,태안군,근흥면,신진항 내 여객선 선착장,항포구,신진항,선착장,침수,추락,36.68150833,126.1343361
2018-07-11,2018,17:13,오후,,남해 지방청,통영,통영 파출소,경상남도,통영시,풍화리 982-2,통영시 산양읍 풍화리 982-2,해안가,해안도로,,침수,추락,34.83247222,128.3557833
2018-07-14,2018,13:00,,,남해 지방청,창원,진해 파출소,경상남도,창원시,진해구,창원시 진해구 수치항,항포구,수치항,수치항 슬립웨이,침수,추락,35.10499444,128.702775
2018-07-15,2018,16:29,,,중부 지방청,평택,안산 파출소,경기도,안산시,대부북동,경기 안산시 단원구 대부황금로 방아머리선착장,항포구,방아머리,선착장,일부침수,침수,37.29639444,126.5742639
2018-07-15,2018,03:55,,,중부 지방청,보령,홍성 파출소,충청남도,홍성군,서부면,충남 홍성군 서부면 궁리항 선착장,항포구,궁리항,선착장,침수,추락,36.58831111,126.4577278
2018-07-18,2018,23:41,,,서해 지방청,여수,봉산 파출소,전라남도,여수시,소호동,여수시 소호동 송소방파제(송소횟집) 앞 ,방파제,송소,방파제,침수,추락,34.72666667,127.6410333
2018-07-21,2018,19:34,오후,,남해 지방청,통영,고성 파출소,경상남도,고성군,회화면,고성군 회화면 보전리 마동호 방조제 앞,해안가,마동호 방조제,,침수,추락,35.03615278,128.3816972
2018-07-28,2018,04:10,,,서해 지방청,부안,변산 파출소,전라북도,부안군,변산면,전북 부안군 변산면 소재 격포항 수협활어 위판장 앞,항포구,격포항,위판장,침수,추락,35.62248056,126.4695806
2018-07-29,2018,15:18,,,중부 지방청,평택,안산 파출소,경기도,안산시,대부북동,경기 안산시 단원구 대부황금로 방아머리선착장,항포구,방아머리,선착장,일부침수,침수,37.29639444,126.5742639
2018-07-31,2018,15:57,,,서해 지방청,목포,진도 파출소,전라남도,진도군,군내면,진도군 군내면 신동리 신동선착장,항포구,신동,선착장,침수,추락,34.55468889,126.3058167
2018-08-07,2018,20:31,저녁,화요일,서해 지방청,목포,북항 파출소,전라남도,목포시,죽교동,목포시 고하대로 1131(지중해 카페 앞 ),해안가,,,비침수,추락,34.84013889,126.3998361
2018-08-20,2018,18:50,오후,,남해 지방청,통영,고현 파출소,경상남도,거제시,사등면,"거제시 사등면 성포로 3길 12, 활어횟집",해안가,해안도로,,침수,추락,34.92251389,128.5255167
2018-08-23,2018,13:51,오후,목요일,남해 지방청,울산,강동 파출소,울산광역시,북구,정자7길,울산 정자항 팔각정 횟집 앞 15~20m ,항포구,정자항,,침수,추락,35.61653611,129.4494167
2018-08-25,2018,07:01,,,서해 지방청,여수,광양 파출소,전라남도,여수시,묘도,여수시 묘도 온동포구 옆 기름머리 선착장(묘도해산물),항포구,선착장,,침수,추락,34.88785278,127.7461
2018-08-26,2018,17:13,,,중부 지방청,보령,홍원 파출소,충청남도,서천군,서면,홍원 안강망 부두 슬립웨이,항포구,홍원항 안강망 슬립웨이,,침수,추락,36.15786111,126.5035111
2018-09-02,2018,04:06,심야,일요일,서해 지방청,부안,변산 파출소,전라북도,부안군,변산면,전라북도 부안군 변산면 격포항 소형선박 계류장 앞,항포구,격포항,어선부두,침수,추락,35.62310556,126.4694333
2018-09-03,2018,11:37,오전,월요일,서해 지방청,여수,광양 파출소,전라남도,광양시,컨부두로,다목적부두 3-2선석,항포구,,,침수,추락,34.88452222,127.6393861
2018-09-04,2018,17:50,오후,화요일,서해 지방청,완도,마량 파출소,전라남도,완도군,금일읍,신구항 선착장,항포구,신구항,선착장,침수,추락,34.33808333,127.0287667
2018-09-04,2018,17:30,,,제주 지방청,서귀포,서귀포 파출소,제주특별자치도,서귀포시,대포로,서귀포시 대포로 172-7(대포동 어촌계잠수 탈의장),항포구,대포동 어촌계,,침수,추락,33.23828611,126.439175
2018-09-06,2018,16:37,,,서해 지방청,완도,마량 파출소,전라남도,완도군,생일면,완도군 생일도 금곡리 금곡항내,항포구,금곡항,슬립웨이,침수,추락,34.319875,126.9596194
2018-09-06,2018,20:14,오후,,남해 지방청,통영,사천 파출소,경상남도,사천시,늑도동,삼천포 늑도 방파제 ,항포구,방파제,슬립웨이,침수,추락,34.92361111,128.0405556
2018-09-07,2018,11:00,오전,금요일,서해 지방청,여수,봉산 파출소,전라남도,여수시,어항단지로,소경도 선착장,항포구,소경도,선착장,침수,추락,34.7099,127.7070639
2018-09-09,2018,15:35,,,중부 지방청,평택,대부 파출소,경기도,안산시,단원구,경기도 안산시 단원구 탄도항 슬립웨이,항포구,탄도항,슬립웨이,침수,침수,37.19174444,126.6466444
2018-09-10,2018,14:48,,,중부 지방청,평택,대산 파출소,충청남도,당진시,석문면,충남 서산시 대산읍 도비도 인근,항포구,도비도항,선착장,일부침수,침수,37.01821111,126.4616222
2018-09-10,2018,15:37,오후,,남해 지방청,통영,통영 파출소,경상남도,통영시,산양읍,통영시 산양읍 영운리 선착장,항포구,선착장,,침수,추락,34.80411389,128.4321917
2018-09-12,2018,03:20,,,제주 지방청,제주,추자 파출소,제주특별자치도,제주시,추자면,추자면 신양리 쌍림파크 앞 해안가,해안가,,,비침수,추락,33.94088889,126.3165833
2018-09-14,2018,22:18,저녁,금요일,동해 지방청,포항,영일만 파출소,경상북도,포항시,북구,포항시 북구 송라면 조사리 소재 대행신고서 앞,항포구,해안가,항내,침수,추락,36.22204722,129.3859028
2018-09-16,2018,14:07,,,서해 지방청,완도,마량 파출소,전라남도,강진군,칠량면,강진군 칠량면 봉황마을 선착장 끝단,항포구,봉황항,선착장,침수,추락,34.55426389,126.7897778
2018-09-18,2018,17:29,,,서해 지방청,여수,녹동 파출소,전라남도,고흥군,도양읍,고흥군 도양읍 녹동신항 평화페리호 여객선 선착장 앞,항포구,녹동신항,여객선슬립웨이,침수,추락,34.52334167,127.1434944
2018-09-22,2018,14:30,,,중부 지방청,보령,홍원 파출소,충청남도,서천군,서면,홍원 마리나항 부두 슬립웨이,항포구,,,,추락,36.15951111,126.50665
2018-09-25,2018,14:12,,,중부 지방청,인천,영흥 파출소,인천광역시,옹진군,영흥면,인천 영흥면 내리 진두선착장,항포구,진두항,선착장,비침수,침수,37.25464167,126.4988389
2018-09-25,2018,11:56,,,중부 지방청,인천,하늘바다 파출소,인천광역시,중구,덕교동,인천 중구 덕교동 잠진선착장 및 갯벌,항포구,잠진도,선착장,침수,추락,37.41684722,126.4151
2018-10-02,2018,23:19,오후,,남해 지방청,통영,사천 파출소,경상남도,남해군,창선면,남해군 창선면 가인리 방파제 앞 ,항포구,가인항,선착장,침수,추락,34.88368889,128.0501889
2018-10-09,2018,14:16,,,중부 지방청,태안,학암포 파출소,충청남도,서산시,대산읍,웅도에서 조도사이,해안가,웅도와조도사이,,침수,추락,36.92705833,126.3898528
2018-10-13,2018,15:40,,,중부 지방청,태안,안면 파출소,충청남도,태안군,고남면,태안군 고남면 구매항 선착장,항포구,구매항,선착장,일부침수,침수,36.42467778,126.4318389
2018-10-16,2018,10:33,오전,,서해 지방청,군산,해망 파출소,전라북도,군산시,해망동,해망 도선장,항포구,해망 도선장,,침수,추락,35.993475,126.70915
2018-10-17,2018,18:20,,,중부 지방청,평택,당진 파출소,충청남도,당진시,석문면,충남 당진시 왜목마을 선착장,항포구,왜목마을,선착장,침수,추락,37.04829444,126.5276028
2018-10-20,2018,18:18,,,중부 지방청,보령,장항 파출소,충청남도,서천군,마서면,충남 서천군 마서면 소재 목섬,해안가,무인도서,아목섬,비침수,침수,36.06430833,126.6317694
2018-10-21,2018,12:58,,,중부 지방청,평택,안산 파출소,경기도,안산시,대부북동,경기 안산시 단원구 대부황금로 방아머리선착장,항포구,방아머리,선착장,비침수,침수,37.29639444,126.5742639
2018-10-21,2018,16:41,,,서해 지방청,완도,마량 파출소,전라남도,완도군,약산면,완도군 약산면 득암항 안 서쪽 방파제,방파제,득암항,슬립웨이,침수,추락,34.36078333,126.891775
2018-10-21,2018,06:52,오전,일요일,남해 지방청,울산,방어진 파출소,울산광역시,동구,중진2길,수협위판장 앞 ,항포구,방어진항,수협위판장,침수,추락,35.48373056,129.43065
2018-10-24,2018,16:49,오후,수요일,중부 지방청,인천,영흥 파출소,인천광역시,옹진군,덕적면,소야도 선착장 인근 방파제 앞 ,방파제,소야도,선착장,침수,추락,37.22416667,126.1605833
2018-10-24,2018,18:11,오후,,남해 지방청,통영,고성 파출소,경상남도,고성군,동해면,"고성군 동해면 외산리 920-6, 아침바다횟집 앞",해안가,외산리 선착장,,침수,추락,35.06166667,128.4427778
2018-10-26,2018,12:39,오후,금요일,서해 지방청,여수,녹동 파출소,전라남도,고흥군,두원면,고흥군 두원면 풍류 선착장,항포구,풍류항,선착장,침수,추락,34.65663056,127.2278083
2018-10-27,2018,15:20,,,중부 지방청,태안,안면 파출소,충청남도,태안군,고남면,태안군 고남면 구매항 선착장,항포구,구매항,,일부침수,침수,36.42467778,126.4318389
2018-10-28,2018,17:31,,,중부 지방청,인천,영흥 파출소,인천광역시,옹진군,영흥면,인천 옹진군 선재도 목섬,무인도서,목섬,,,추락,37.22916667,126.5327778
2018-10-29,2018,16:00,,,서해 지방청,완도,마량 파출소,전라남도,완도군,금일읍,완도군 금일읍 동백리 선착장,항포구,동백리,선착장,침수,추락,34.32845,127.0464694
2018-11-04,2018,12:56,,,중부 지방청,평택,안산 파출소,경기도,안산시,대부북동,경기 안산시 단원구 대부황금로 방아머리선착장,항포구,방아머리,선착장,일부침수,침수,37.29639444,126.5742639
2018-11-06,2018,09:12,오전,화요일,동해 지방청,울진,후포 파출소,경상북도,울진군,후포면,경북 울진군 후포면 울진대게로 142(통발협회 앞),항포구,항내,통발협회 앞,침수,추락,36.68063056,129.45495
2018-11-07,2018,07:50,,,제주 지방청,제주,제주 파출소,제주특별자치도,제주시,건입동,제주항 2부두 남일호 우현 선수,항포구,,,침수,추락,33.51952778,126.5328611
2018-11-08,2018,14:20,,,중부 지방청,보령,대천 파출소,충청남도,홍성군,서부면,보령시 내항동 소재 세월교,해안가,세월교,,침수,침수,36.58805556,126.4569444
2018-11-10,2018,03:39,심야,토요일,남해 지방청,부산,송정 파출소,부산광역시,해운대구,송정구덕포길,구덕포항 내 해상,항포구,구덕포항,,침수,추락,35.16911667,129.197325
2018-11-16,2018,15:18,,,중부 지방청,보령,대천 파출소,충청남도,보령시,신흑동,보령시 대천항 서부수협 앞 슬립웨이,항포구,대천항,서부수협,침수,추락,36.32758056,126.5138083
2018-11-19,2018,06:14,,,중부 지방청,평택,평택 파출소,경기도,평택시,포승읍,경기도 평택시 동부두 1정문 도로 끝부분 수로,항포구,평택당진항,동부두,침수,추락,36.98674167,126.8270806
2018-11-23,2018,00:42,,,중부 지방청,태안,안면 파출소,충청남도,태안군,안면읍,태안군 안면읍 대야도 선착장,항포구,선착장,,침수,침수,36.46728056,126.4158083
2018-11-26,2018,18:08,,,동해 지방청,속초,주문진 파출소,강원도,강릉시,주문진읍,주문진항 위판장 부근,항포구,,,,추락,37.89166667,128.8305556
2018-11-29,2018,22:53,,,서해 지방청,여수,나로도 파출소,전라남도,고흥군,동일면,고흥군 동일면 백초항포구 주변도로,항포구,백초항,해안도로,비침수,추락,34.50166667,127.4555556
2018-11-29,2018,11:01,,,서해 지방청,여수,녹동 파출소,전라남도,진도군,고군면,고흥군 금산면 명천항,항포구,명천항,슬립웨이,비침수,추락,34.47079722,127.2292111
2018-12-03,2018,17:38,,,중부 지방청,인천,강화 파출소,인천광역시,강화군,화도면,강화도 분오 선착장,항포구,분오리항,선착장,비침수,추락,37.58956667,126.4625667
2018-12-10,2018,03:16,심야,월요일,동해 지방청,속초,속초 파출소,강원도,속초시,중앙로,아바이마을(설악대교 밑) 앞 ,항포구,속초항,설악대교 밑,침수,추락,38.200875,128.594975
2018-12-19,2018,14:22,,,중부 지방청,인천,하늘바다 파출소,인천광역시,중구,무의동,무의도 큰무리 선착장 슬립웨이 앞 ,항포구,큰무리,선착장,침수,추락,37.41021389,126.4146
2018-12-21,2018,09:00,,,중부 지방청,보령,오천 파출소,충청남도,보령시,오천면,보령시 오천항 수협 앞 슬립웨이,항포구,오천항,슬립웨이,침수,침수,36.439225,126.519575
2018-12-22,2018,11:48,오전,토요일,서해 지방청,목포,북항 파출소,전라남도,목포시,죽교동,북항 4부두 수협급유소 부근,항포구,,,침수,추락,34.80194444,126.3572222
2018-12-22,2018,15:56,오후,토요일,서해 지방청,완도,노화 파출소,전라남도,완도군,노화읍,노화 당산리항 선착장,항포구,당산리항,선착장,침수,추락,34.19713889,126.5521111
2018-12-24,2018,13:36,오후,월요일,중부 지방청,태안,학암포 파출소,충청남도,태안군,이원면,당산리 진양수산 앞 해안가,해안가,,,비침수,침수,36.887275,126.32945
2018-12-25,2018,16:23,,,중부 지방청,평택,대부 파출소,경기도,화성시,단원구,경기도 화성시 탄도항 파출소 앞 경사로,항포구,탄도항,슬립웨이,일부침수,침수,37.19177778,126.6466472
2018-12-25,2018,16:30,,,중부 지방청,보령,홍성 파출소,충청남도,홍성군,서부면,보령시 천북면 장은항 선착장,항포구,선착장,,,추락,36.58805556,126.4569444
2018-12-26,2018,18:57,저녁,수요일,동해 지방청,포항,포항 파출소,경상북도,포항시,북구,포항신항 24번 선석 앞,항포구,포항신항 2부두,,침수,추락,36.01378889,129.3931833
2018-12-30,2018,20:49,,,서해 지방청,여수,돌산 파출소,전라남도,여수시,남면,여수시 화정면 화태도 독정 선착장 경사식 부두,항포구,독정항,선착장 슬립웨이,침수,추락,34.58114444,127.7300306
2018-12-30,2018,00:02,,,남해 지방청,창원,마산 파출소,경상남도,창원시,마산합포구,창원시 마산합포구 남성동 부두 유람선 산착장,항포구,남성동부두,유람선 선착장,침수,추락,35.19733889,128.5751611
2018-12-31,2018,22:58,저녁,월요일,서해 지방청,여수,돌산 파출소,전라남도,여수시,남면,여수시 남면 직포항 방파제,항포구,직포항,방파제,침수,추락,34.50766667,127.7392639
2018-12-31,2018,22:00,오후,,남해 지방청,통영,고현 파출소,경상남도,거제시,사등면,거제면 소재 산달도 카페리 선착장 인근 ,해안가,해안도로,,침수,추락,34.82352778,128.5361917
2019-01-03,2019,10:20,,,제주 지방청,서귀포,화순 파출소,제주특별자치도,서귀포시,대정읍,모슬포 운진항 내,항포구,모슬포항 여객선,,침수,추락,33.20944444,126.2577778
2019-01-28,2019,01:42,,,중부 지방청,평택,당진 파출소,충청남도,당진시,석문면,충남 당진시 석문면 소재 마섬포구 ,항포구,장고항,석문방조제,침수,추락,37.02568889,126.579475
2019-02-01,2019,07:53,,,동해 지방청,포항,포항 파출소,경상북도,포항시,남구,포항 북구 죽도동 포항수협 죽도위판장 앞 ,항포구,죽도위판장,,침수,추락,36.03639167,129.3695639
2019-02-09,2019,02:28,,,동해 지방청,포항,포항 파출소,경상북도,포항시,북구,포항 북구 동빈동 채움병원 앞 ,항포구,동빈 구항,,침수,추락,36.04615833,129.3715778
2019-02-12,2019,00:18,심야,화요일,제주 지방청,서귀포,서귀포 파출소,제주특별자치도,서귀포시,남성중로,서귀포항 서부두 앞 ,항포구,,,침수,추락,33.24055556,126.5591667
2019-02-20,2019,20:12,,,중부 지방청,태안,학암포 파출소,충청남도,서산시,팔봉면,구도항 인근,항포구,구도항,선착장,침수,추락,36.82735833,126.3272667
2019-02-24,2019,17:20,,,중부 지방청,보령,홍성 파출소,충청남도,보령시,천북면,보령시 천북면 궁리항 선착장,항포구,궁리항,선착장,침수,추락,36.59235,126.4553139
2019-03-01,2019,15:25,,,중부 지방청,인천,하늘바다 파출소,인천광역시,중구,을왕동,을왕리 선착장 앞 ,항포구,을왕리,선착장,침수,추락,37.44820278,126.3694528
2019-03-01,2019,14:23,오후,,남해 지방청,통영,통영 파출소,경상남도,통영시,동호안길,경남 통영시 동호동 한려무역 앞 ,항포구,동호항,동호방파제,침수,추락,34.84372222,128.435075
2019-03-07,2019,05:20,심야,목요일,서해 지방청,목포,서산 파출소,전라남도,해남군,산이면,금호개발 모래하치장,항포구,금호개발,모래하차장,침수,추락,34.71261111,126.3765
2019-03-10,2019,18:50,,,서해 지방청,여수,봉산 파출소,전라남도,여수시,돌산읍,여수시 돌산읍 돌산회 타운 앞,항포구,백초항,돌산회 타운앞,침수,추락,34.72804444,127.7409389
2019-03-12,2019,17:27,오후,,서해 지방청,군산,해망 파출소,전라북도,군산시,소룡동,군산 소룡항포구 성원상떼빌 앞 ,항포구,소룡항포구,성원상떼빌,침수,추락,35.98621111,126.6918333
2019-03-20,2019,20:30,오후,,남해 지방청,통영,고현 파출소,경상남도,거제시,사등면,거제시 사등면 모래실마을 물량장 크레인 앞 ,항포구,물량장 크레인,물량장,침수,추락,34.90496111,128.5752389
2019-03-21,2019,09:48,,,서해 지방청,완도,회진 파출소,전라남도,장흥군,회진면,장흥군 회진면 성은 아파트 앞,해안가,해안도로,성은 아파트앞 ,침수,추락,34.47641111,126.9376472
2019-03-21,2019,10:34,오후,,남해 지방청,통영,거제남부 파출소,경상남도,거제시,남부면,거제시 남부면 다포리 여차항 계단식 물량장 앞 ,항포구,여차항 계단식 물량장,물량장,침수,추락,34.71239444,128.6280528
2019-03-21,2019,11:00,,,제주 지방청,제주,제주 파출소,제주특별자치도,제주시,구좌읍,김녕항 요트투어 앞 안벽,항포구,김녕항,,침수,추락,33.55855833,126.7368611
2019-03-22,2019,14:02,,,중부 지방청,태안,안면 파출소,충청남도,태안군,고남면,충남 태안군 고남면 누동리 죽고지항 닭섬 인근,해안가,죽고지항,,침수,침수,36.44617222,126.4210639
2019-03-31,2019,22:04,저녁,일요일,서해 지방청,목포,서산 파출소,전라남도,목포시,달동,허사도(허사대교 북방) ,항포구,,,침수,추락,34.75269167,126.3621111
2019-04-02,2019,09:00,,,중부 지방청,태안,학암포 파출소,충청남도,태안군,원북면,충남 태안군 원북면 방갈리 민어도 방파제 슬립웨이,항포구,민어도,방파제 슬립웨이,침수,침수,36.91162222,126.250225
2019-04-07,2019,11:45,,,중부 지방청,보령,홍성 파출소,충청남도,흥성군,서부면,궁리항 선착장,항포구,궁리항,선착장,비침수,추락,36.59235,126.4553139
2019-04-09,2019,11:40,오전,화요일,제주 지방청,서귀포,화순 파출소,제주특별자치도,서귀포시,하모항구로67-24,토요시장 인근 협성조선소 앞 ,항포구,,,비침수,추락,33.21944444,126.2497222
2019-04-13,2019,23:08,,,중부 지방청,보령,오천 파출소,충청남도,보령시,오천면,충남 보령시 오천항 수협 앞 슬립웨이,항포구,오천항,슬립웨이,침수,추락,36.4391,126.5194778
2019-04-21,2019,15:22,,,중부 지방청,보령,홍원 파출소,충청남도,서천군,서면,홍원항 위판장 슬립웨이,항포구,홍원항 슬립웨이,홍원항 물량장,침수,추락,36.157925,126.5002361
2019-04-21,2019,08:20,,,서해 지방청,부안,변산 파출소,전라북도,부안군,변산면,격포항 선착장,항포구,격포항,슬립웨이,침수,추락,35.62054167,126.4701472
2019-04-25,2019,13:50,,,남해 지방청,울산,기장 파출소,부산광역시,기장군,일광면,부산 기장군 일광면 원조 수산 앞,항포구,이동항,원조수산 앞,침수,추락,35.27188889,129.2445833
2019-04-26,2019,08:00,,,서해 지방청,완도,마량 파출소,전라남도,완도군,고금면,고금면 화룡선착장,항포구,회룡,선착장,침수,추락,34.38216389,126.7669722
2019-05-05,2019,23:22,,,서해 지방청,완도,회진 파출소,전라남도,장흥군,회진면,장흥군 회진면 삭금항내 커브길에서 운전중 운전 미숙  추락,항포구,삭금항,해안도로,침수,추락,34.44805278,126.9272222
2019-05-06,2019,12:18,,,남해 지방청,울산,기장 파출소,부산광역시,기장군,일광면,부산 기장군 일광면 이동 방파제 육상 호이스트 앞,항포구,이동항,,침수,추락,35.27244444,129.2469167
2019-05-13,2019,06:13,,,중부 지방청,인천,강화 파출소,인천광역시,강화군,화도면,후포항 선수 선착장,항포구,후포항,선수 선착장,침수,추락,37.63894722,126.3855444
2019-05-13,2019,13:04,,,남해 지방청,울산,방어진 파출소,울산광역시,동구,방어동,방어동 수협위판장 앞 ,항포구,방어진항,방어동 수협위판장,침수,추락,35.48438889,129.4298611
2019-05-16,2019,14:48,,,중부 지방청,인천,신항만 파출소,경기도 ,시흥시,정왕동,시화조력 중간선착장내 ,항포구,시화방조제,중간선착장,비침수,추락,37.32611111,126.6544444
2019-05-19,2019,18:15,저녁,일요일,동해 지방청,포항,영일만 파출소,경상북도,포항시,북구,경북 포항시 북구 흥해읍 월포리 소재 월포항,항포구,월포항,,침수,추락,36.20777778,129.375
2019-05-20,2019,09:25,,,중부 지방청,평택,평택 파출소,충청남도,당진시,송악읍,충남 당진시 송악읍 안섬포구 인근해안가,항포구,안섬포구,,침수,추락,36.98805556,126.7375
2019-05-20,2019,15:33,,,동해 지방청,울진,축산 파출소,경상북도,영덕군,축산면,사진3리항 계류장 앞,항포구,사진3리항,계류장,침수,추락,36.5211,129.4427639
2019-05-26,2019,09:16,,,남해 지방청,창원,진해 파출소,경상남도,창원시,진해구,창원시 진해구 소재 이동레포츠 센터 ,항포구,진해 이도레포츠센터 슬립웨이,,침수,추락,35.14106944,128.6882444
2019-05-31,2019,09:22,오전,금요일,중부 지방청,태안,안면 파출소,충청남도,태안군,안면읍,충남 태안군 안면읍 방포항길 64 방포수산 인근 도로아래 갯벌,항포구,방포항,갯벌,비침수,추락,36.50403333,126.3352639
2019-06-01,2019,12:44,오후,,남해 지방청,통영,사천 파출소,경상남도,사천시,동서동,경남 사천시 동서동 새신수도호 선착장,항포구,선착장,,침수,추락,34.92670833,128.0647306
2019-06-04,2019,15:40,,,서해 지방청,완도,마량 파출소,전라남도,강진군,도암면,강진군 도암면 용흥리 선착장,항포구,용산리,선착장,침수,추락,34.54211667,126.7686111
2019-06-07,2019,05:49,심야,금요일,서해 지방청,여수,나로도 파출소,전라남도,고흥군,봉래면,진기마을 배수펌프장 앞 50m ,해안가,해안도로,배수펌프 부근,침수,추락,34.46599722,127.4560611
2019-06-09,2019,09:17,,,중부 지방청,인천,강화 파출소,인천광역시,강화군,동검도,강화군 동검도 선착장 앞 ,항포구,동검항,선착장,침수,침수,37.586025,126.5257306
2019-06-15,2019,10:53,오전,,서해 지방청,군산,새만금 파출소,전라북도,군산시,옥도면,군산시 옥도면 417 선유도 간이 여객선터미널,항포구,선착장,,침수,추락,35.82499444,126.4165944
2019-06-15,2019,16:02,,,서해 지방청,여수,돌산 파출소,전라남도,여수시,남면,여수시 남면 화태도 월전항 선착장,항포구,월전항,,침수,추락,34.577775,127.736675
2019-06-16,2019,11:47,오전,일요일,서해 지방청,완도,마량 파출소,전라남도,강진군,칠량면,매자리식당 앞 해안가,해안가,,,비침수,추락,34.54742222,126.79785
2019-06-18,2019,11:24,,,서해 지방청,여수,봉산 파출소,전라남도,여수시,화양면,여수시 화양면 장수리 자매교회 앞 해안가,해안가,자매교회 앞,해안도로,침수,추락,34.65145833,127.5799333
2019-06-23,2019,13:09,,,서해 지방청,여수,녹동 파출소,전라남도,고흥군,도양읍,고흥군 도양읍 녹동항 득량호 도선선착장,항포구,녹동항,,침수,추락,34.52798056,127.1301639
2019-06-24,2019,17:20,오후,,남해 지방청,통영,통영 파출소,경상남도,통영시,도남동,통영시 도남동 수륙해수욕장 블루마린 펜션 앞,해안가,해변,수륙해수욕장 블루마린,침수,추락,34.81901389,128.4392222
2019-06-25,2019,15:18,오후,화요일,서해 지방청,부안,고창 파출소,전라북도,고창군,해리면,전라북도 고창군 해리면 동호해수욕장 주차장,해수욕장,동호해수욕장 방파제,,비침수,추락,35.50583333,126.4736111
2019-06-25,2019,15:18,오후,화요일,서해 지방청,부안,고창 파출소,전라북도,고창군,해리면,전라북도 고창군 해리면 동호해수욕장 주차장,해수욕장,동호 해수욕장,,비침수,추락,35.50583333,126.4736111
2019-06-25,2019,06:45,,,남해 지방청,창원,진해 파출소,경상남도,창원시,진해구,창원시 진해구 속천항 진해수협 제빙냉동공장 앞 ,항포구,속천항,진해수협 제빙공장,침수,추락,35.141525,128.6715722
2019-06-29,2019,23:09,심야,,서해 지방청,군산,비응 파출소,전라북도,군산시,비응도동,비응항 어업정보통신국 앞 ,항포구,비응항,어업정보통신국,침수,추락,35.93820833,126.5314806
2019-07-06,2019,20:46,,,중부 지방청,인천,강화 파출소,인천광역시,강화군,동검도,강화군 동검리 704 인근 방파제,항포구,동검항,선착장,비침수,추락,37.58555556,126.5263889
2019-07-08,2019,16:50,,,서해 지방청,여수,돌산 파출소,전라남도,여수시,금오도,금오도 직포항 ,항포구,직포항,여객선 경사로,침수,추락,34.50766667,127.7392639
2019-07-17,2019,12:29,,,서해 지방청,완도,마량 파출소,전라남도,완도군,약산면,완도군 약산면 조약도 당목항,항포구,당목항,선착장,침수,추락,34.37826389,126.9464417
2019-07-18,2019,06:33,오전,,남해 지방청,통영,사천 파출소,경상남도,사천시,용현면,경남 사천시 용현면 금문리 방파제 앞 ,해안가,금문리 방파제,해안도로,침수,추락,35.00763333,128.0443694
2019-07-19,2019,05:04,오전,,남해 지방청,통영,통영 파출소,경상남도,통영시,도남동,통영시 도남동 해양스포츠센터 인근,방파제,해양스포츠센터 계단,,침수,추락,34.8275,128.4341667
2019-08-01,2019,01:19,심야,목요일,서해 지방청,완도,완도 파출소,전라남도,완도군,신지면,물하태선착장 앞 ,항포구,물하태,선착장,침수,추락,34.32776389,126.7762667
2019-08-01,2019,22:40,저녁,목요일,남해 지방청,울산,기장 파출소,부산광역시,기장군,일광면,부산 기장군 일광면 이천리 886-2(이동방파제),항포구,이동항,방파제,일부침수,추락,35.27199722,129.2470472
2019-08-06,2019,08:02,,,중부 지방청,평택,대부 파출소,경기도,안산시,단원구,경기도 안산시 단원구 선감동 대부도펜션타운 입구 슬립웨이,해안가,대부도 펜션타운 입구,슬립웨이,침수,추락,37.23533611,126.6243917
2019-08-07,2019,19:36,저녁,수요일,서해 지방청,여수,녹동 파출소,전라남도,고흥군,금산면,고흥군 금산면 신평 선착장,항포구,신평,선착장,침수,추락,34.49115278,127.1765972
2019-08-07,2019,17:38,,,남해 지방청,창원,마산 파출소,경상남도,창원시,마산합포구,창원시 마산합포구 가포동 지중해까페 ,해안가,지중해까폐,,침수,추락,35.14976389,128.5907139
2019-08-08,2019,23:12,,,서해 지방청,완도,마량 파출소,전라남도,완도군,연동리,완도군 고금면 연동리,항포구,연동항,,비침수,추락,34.38356389,126.8079556
2019-08-23,2019,20:10,,,중부 지방청,인천,영흥 파출소,인천광역시,웅진군,선재리,인천 옹진군 선재리 뻘다방 주차장 슬립웨이,해안가,뻘다방,,비침수,추락,37.23283889,126.5330667
2019-08-23,2019,21:08,저녁,금요일,서해 지방청,완도,땅끝 파출소,전라남도,진도군,고군면,용호항,방파제,용호항,방파제,침수,추락,34.44347222,126.3651667
2019-08-24,2019,10:20,오전,토요일,서해 지방청,완도,완도 파출소,전라남도,완도군,신지면,물하태선착장,항포구,물하태선착장,슬립웨이,침수,추락,34.32776389,126.7762667
2019-08-28,2019,23:44,저녁,수요일,서해 지방청,목포,북항 파출소,전라남도,목포시,죽교동,북항1부두 하얀등대 인근 ,항포구,북항,1부두,침수,추락,34.80612778,126.3617417
2019-08-31,2019,15:30,,,중부 지방청,인천,신항만 파출소,경기도,시흥시,정왕동,시흥시 오이도 중간선착장 앞 ,항포구,시화방조제,중간선착장,침수,추락,37.32563056,126.6547583
2019-09-01,2019,14:09,,,중부 지방청,보령,오천 파출소,충청남도,보령시,천북면,보령시 천북면 학서리 별장횟집 앞 슬립웨이,해안가,별장횟집,슬립웨이,침수,침수,36.44955833,126.4906639
2019-09-03,2019,18:35,,,중부 지방청,인천,인항 파출소,인천광역시,중구,항동,연안부두 6잔교,항포구,연안부두,6잔교,침수,추락,37.45888056,126.5980806
2019-09-04,2019,07:50,,,중부 지방청,인천,인항 파출소,인천광역시,중구,항동,인천 중구 소재 연안부두 7잔교,항포구,연안부두,7잔교,침수,추락,37.45771389,126.5967444
2019-09-05,2019,05:00,,,중부 지방청,평택,당진 파출소,충청남도,당진시,석문면,당진시 석문면 왜목선착장,항포구,왜목마을,선착장,침수,추락,37.04829444,126.5276028
2019-09-07,2019,10:50,오전,토요일,서해 지방청,목포,북항 파출소,전라남도,무안군,운남면,신월선착장 앞 ,항포구,신월항,신월리 선착장,침수,추락,34.96133333,126.2978611
2019-09-08,2019,11:37,오전,,서해 지방청,군산,해망 파출소,전라북도,군산시,금암동,군산 금암동 성인콜라텍 앞 갯벌,갯벌,성인콜라텍,,침수,추락,35.98845556,126.7202167
2019-09-10,2019,00:30,심야,화요일,서해 지방청,목포,영광 파출소,전라남도,영광군,백수읍,대신항,해안가,대신항,,침수,추락,35.36708889,126.4038556
2019-09-10,2019,19:10,,,서해 지방청,완도,땅끝 파출소,전라남도,완도군,해남군,해남군 송지면 송호리 땅끝항 선착장,항포구,선착장,,침수,추락,34.29861111,126.5305556
2019-09-13,2019,14:38,오후,,서해 지방청,군산,비응 파출소,전라북도,군산시,비응도동,군산 비응항 제방공장 앞 서해조선소 옆 물량장,항포구,물량장,,침수,추락,35.93333333,126.53
2019-09-28,2019,14:52,,,서해 지방청,여수,나로도 파출소,전라남도,고흥군,영남면,고흥군 영남면 우두마을 물양장,항포구,우두마을 경사로,물량장,침수,추락,34.44598611,127.1013389
2019-10-02,2019,04:34,심야,수요일,중부 지방청,태안,학암포 파출소,충청남도,태안군,이원면,이원면 피도 인근 선착장,항포구,선착장,,비침수,침수,36.93728611,126.3040944
2019-10-02,2019,10:54,,,남해 지방청,창원,진해 파출소,경상남도,창원시,진해구,창원시 진해구 괴정항 진해수협 괴정위판장,항포구,괴정항,제덕선착장,침수,추락,35.09904444,128.7437139
2019-10-14,2019,14:33,,,중부 지방청,보령,대천 파출소,충청남도,보령시,대천5동,,해안가,대교,세월교,침수,침수,36.350375,126.5602361
2019-10-17,2019,19:29,,,중부 지방청,보령,홍성 파출소,충청남도,흥성군,서부면,충남 서부면 궁리항 선착장,항포구,궁리항,선착장,침수,추락,36.59235,126.4553139
2019-10-18,2019,20:30,오후,,남해 지방청,통영,노량 파출소,경상남도,하동군,금남면,경남 하동군 남해노량 대교 밑 구노량 출장소 슬립웨이,항포구,구노량 출장소,슬립웨이,침수,추락,34.94740556,127.87435
2019-10-20,2019,05:37,,,제주 지방청,제주,제주 파출소,제주특별자치도,제주시,한림읍,한림 수협 어판장 앞에 차량이 빠짐,항포구,수협 어판장,,침수,추락,33.41630556,126.2610583
2019-10-21,2019,09:10,,,중부 지방청,평택,대부 파출소,경기도,화성시,서신면,경기도 화성시 궁평항 해수욕장 인근,항포구,궁평항 부근,,비침수,추락,37.11861111,126.6847222
2019-10-22,2019,01:30,,,중부 지방청,보령,대천 파출소,충청남도,보령시,신흑동,대천항 보령수협 앞 슬립웨이,항포구,대천항,수협,침수,추락,36.32794444,126.5070028
2019-10-28,2019,13:35,오후,,서해 지방청,군산,비응 파출소,전라북도,군산시,비응도동,군산 비응항 서해조선소 물량장,항포구,비응항,서해조선소 물량장,침수,추락,35.93456111,126.5316111
2019-10-28,2019,17:30,,,서해 지방청,완도,마량 파출소,전라남도,완도군,금일읍,완도군 금일읍 신평리 신평수퍼 앞,항포구,,선착장,침수,추락,34.35933056,127.0465944
2019-10-30,2019,18:01,,,중부 지방청,보령,홍원 파출소,충청남도,서천군,서면,서천군 마량항,항포구,마량항,슬립웨이,침수,추락,36.12916667,126.5039944
2019-10-30,2019,07:26,,,남해 지방청,창원,마산 파출소,경상남도,창원시,마산합포구,창원시 마산합포구 수정항,항포구,수정항,수정항 방파제,침수,추락,35.12098056,128.5879778
2019-10-31,2019,09:51,오전,목요일,서해 지방청,목포,서산 파출소,전라남도,목포시,죽교동,신항교차로,해안가,해안도로,,비침수,추락,34.75269167,126.3621139
2019-10-31,2019,13:15,,,서해 지방청,완도,완도 파출소,전라남도,완도군,신지면,전남 완도군 신지면 가인리 선착장,항포구,가인도,선착장,침수,추락,34.31781389,126.8646139
2019-11-02,2019,23:57,저녁,토요일,동해 지방청,포항,감포 파출소,경상북도,경주시,양남면,"경북 경주시 양남면 수렴2리, 지경항",항포구,지경항,,침수,추락,35.65255556,129.4497694
2019-11-21,2019,01:02,,,중부 지방청,평택,당진 파출소,충청남도,당진시,석문면,당진시 석문면 장고항 동측 선착장 끝단,항포구,장고항,선착장,비침수,추락,37.03028056,126.5605028
2019-11-23,2019,13:49,,,중부 지방청,보령,오천 파출소,충청남도,보령시,오천면,충남 보령시 오천면 수협 앞 슬립웨이,항포구,오천항 슬립웨이,,침수,추락,36.43916667,126.5194444
2019-11-25,2019,22:07,,,중부 지방청,인천,영흥 파출소,인천광역시,옹진군,영흥면,인천 옹진군 영흥면 진두항 인근 ,항포구,진두항,선착장 슬립웨이,침수,추락,37.25425556,126.4989722
2019-11-28,2019,16:02,,,중부 지방청,인천,하늘바다 파출소,인천광역시,중구,운서동,덕교선착장 내,항포구,거잠포,선착장,침수,추락,37.42165278,126.4255333
2019-11-29,2019,16:00,,,중부 지방청,보령,대천 파출소,충청남도,보령시,신흑동,충남 보령시 대천항 서부수협 슬립웨이,항포구,대천항,서부수협,침수,추락,36.32758056,126.5138083
2019-11-29,2019,05:58,오전,,남해 지방청,통영,사천 파출소,경상남도,통영시,사량면,통영시 사량면 묵방선착장,항포구,선착장,묵방 선착장,침수,추락,34.83353056,128.24
2019-12-03,2019,11:59,,,서해 지방청,완도,마량 파출소,전라남도,완도군,고금면,완도군 고금도 연동선착장,항포구,연동항,선착장,침수,추락,34.383525,126.8071389
2019-12-07,2019,17:17,오후,,남해 지방청,통영,노량 파출소,경상남도,사천시,서포면,경남 사천시 서포면 자혜리 구우진 물량장,항포구,구우진 물량장 슬립웨이,슬립웨이,침수,추락,35.00324722,128.0157083
2019-12-16,2019,06:47,,,서해 지방청,여수,봉산 파출소,전라남도,여수시,수정동,여수시 수정동 신항 통선부두,항포구,오도항,신항 통선부두,침수,추락,34.74203611,127.7551667
2019-12-23,2019,17:19,오후,월요일,서해 지방청,목포,진도 파출소,전라남도,진도군,임회면,서망항내 수협제빙냉동 앞 계류장,항포구,서밍항,수협제빙냉동 앞,침수,추락,34.36423056,126.1349944
2019-12-26,2019,16:20,,,중부 지방청,인천,하늘바다 파출소,인천광역시,중구,중산동,구읍뱃터 어선 선착장,항포구,구읍 뱃터,선착장,침수,추락,37.49263889,126.5809167
2019-12-30,2019,18:55,,,중부 지방청,태안,모항 파출소,충청남도,태안군,소원면,충남 태안군 만리포 방파제 등대쪽,방파제,만리포, 방파제 내측,침수,추락,36.78566389,126.132825
2020-01-01,2020,07:23,오전,,남해 지방청,통영,고현 파출소,경상남도,거제시,사등면,거제시 사등면 사등리 구)삼호조선거제 2공장 암벽 앞 ,항포구,구)삼호조선소,,침수,추락,34.91595,128.5411333
2020-01-04,2020,11:05,오전,토요일,서해 지방청,여수,봉산 파출소,전라남도,여수시,소호동,소호항 자은수산 앞 ,방파제,소호항,자은수산 앞,침수,추락,34.74884722,127.6573056
2020-01-20,2020,11:00,,,동해 지방청,울진,축산 파출소,경상북도,영덕군,축산면,사진2리~3리 사이 갯바위,해안가,해안도로,육군소초 앞,추락,추락,36.52778611,129.4409972
2020-02-04,2020,21:40,,,중부 지방청,평택,당진 파출소,충청남도,당진시,석문면,당진시 석문면 교로리 왜목항 선착장 서편,항포구,왜목마을,선착장,비침수,추락,37.04829444,126.5276028
2020-02-08,2020,05:10,오전,,남해 지방청,창원,고현 파출소,경상남도,거제시,장목면,거제시 장목면 장목리 장목항 앞 ,항포구,장목항,방파제,침수,추락,34.99063056,128.6811722
2020-02-14,2020,07:00,,,중부 지방청,평택, 대부 파출소,경기도,화성시,서신면,경기 화성시 서신면 제부도 물길 중간부 출도 방향(바닷길 가로등 27~28번),해안가,제부도 물길 중간부,,침수,추락,37.17686111,126.6400556
2020-02-14,2020,01:54,,,동해 지방청,울진,축산 파출소,경상북도,영덕군,축산면,경정2리 항내,항포구,항내,경정2리항 주차장,침수,추락,36.48988056,129.4438111
2020-02-17,2020,10:00,오전,월요일,서해 지방청,군산,비응 파출소,전라북도,군산시,비응도동,비응항 수협저유소 옆,항포구,비응항,수협저유소,비침수,추락,35.93531667,126.5320944
2020-02-17,2020,00:01,,,서해 지방청,여수,봉산 파출소,전라남도,여수시,소호동,여수시 소호동 항호마을 북방파제 우영수산 앞,방파제,소호항,북방파제 우영수산,비침수,추락,34.74881389,127.6574306
2020-02-23,2020,11:07,오전,일요일,중부 지방청,인천,영흥 파출소,인천광역시,옹진군,영흥면,인천 옹진군 영흥면 영흥로 366(중앙슈퍼) 앞,갯벌,붉은노리펜션,해안도로,비침수,추락,37.25265278,126.4751833
2020-02-25,2020,16:18,오후,,남해 지방청,통영,거제남부 파출소,경상남도,거제시,남부면,거제시 남부면 대포항 물량장(파출소 앞 물량장),항포구,대포항,물량장,침수,추락,34.71552778,128.5849028
2020-02-26,2020,08:11,오전,,남해 지방청,통영,통영 파출소,경상남도,통영시,광도면,통영시 광도면 덕포리 적덕마을 앞 ,방파제,덕포리 방파제,,침수,추락,34.92611111,128.4288889
2020-03-06,2020,21:10,,,서해 지방청,완도,노화 파출소,전라남도,완도군,노화읍,전남 완도군 노화읍 충도리 선착장,해안가,해안도로,,침수,추락,34.18118056,126.6127861
2020-03-08,2020,00:05,,,중부 지방청,평택, 안산 파출소,경기도,안산시,대부북동,방아머리나루터,항포구,방아머리,선착장,침수,추락,37.29665,126.5740361
2020-03-13,2020,18:05,,,제주 지방청,제주,한림 파출소,제주특별자치도,제주시,한림읍,제주시 한림읍 협재리 협재포구 내,항포구,협재포구,,침수,추락,33.39875,126.2432778
2020-03-14,2020,12:19,,,남해 지방청,창원,마산 파출소,경상남도,창원시,마산합포구,창원시 마산합포구 구산면 하포마을 앞,해안가,해안도로,하포마을 송가국수,침수,추락,35.05921389,128.5619694
2020-03-15,2020,00:01,심야,일요일,서해 지방청,목포,북항 파출소,전라남도,목포시,죽교동,서해어업관리단 전용부두,항포구,전용부두,,침수,추락,34.79488056,126.3549833
2020-03-17,2020,14:00,오후,화요일,서해 지방청,목포,북항 파출소,전라남도,신안군,암태면,당사도 선착장,항포구,선착장,,침수,추락,34.88615556,126.1734194
2020-03-18,2020,14:24,오후,,남해 지방청,통영,고현 파출소,경상남도,거제시,장목면,거제시 장목면 외포리 외포위판장 앞 ,항포구,외포위판장,,침수,추락,34.93876944,128.7185778
2020-04-04,2020,16:47,,,중부 지방청,평택, 당진 파출소,충청남도,당진시,석문면,마섬포구 선착장 동쪽 (초입에서 약150미터 지점),항포구,장고항,석문방조제,침수,추락,37.02568889,126.579475
2020-04-07,2020,16:00,오후,화요일,서해 지방청,목포,북항 파출소,전라남도,목포시,죽교동,북항5부두(외측),항포구,북항,5부두(외측),침수,추락,34.80219444,126.3567972
2020-04-08,2020,15:17,오후,수요일,서해 지방청,목포,신안 파출소,전라남도,신안군,자은도,자은도 남진항,항포구,남진항,슬립웨이,일부침수,추락,34.85705833,126.0656278
2020-04-09,2020,06:02,오전,,남해 지방청,통영,고현 파출소,경상남도,거제시,하청면,거제시 하청면 실전리 칠천교 항 ,항포구,실전항 방파제,,침수,추락,34.97854444,128.6506
2020-04-11,2020,15:35,,,중부 지방청,태안,안면 파출소,충청남도,태안군,안면읍,충남 태안군 안면읍 드르니항,항포구,드르니항,,침수,추락,36.58926389,126.3132444
2020-04-17,2020,08:22,오전,,남해 지방청,통영,통영 파출소,경상남도,통영시,산양읍,통영시 산양읍 풍화리 향촌마을 선착장 앞,항포구,선착장,,침수,추락,34.83308333,128.3643389
2020-04-21,2020,12:25,,,남해 지방청,창원,마산 파출소,경상남도,창원시,마산합포구,창원시 마산합포구 해안대로 224-153 인근,해안가,해안도로,물류센터 앞,침수,추락,35.19403611,128.5716639
2020-04-24,2020,23:48,저녁,금요일,서해 지방청,완도,노화 파출소,전라남도,완도군,보길면,부황리 새천년카센터 앞 ,해안가,해안도로,,침수,추락,34.16848611,126.5546278
2020-04-25,2020,12:54,,,중부 지방청,보령,홍원 파출소,충청남도,서천군,비인면,서천군 비인면 다사리 다사항 선착장,항포구,선착장,,침수,추락,36.09583333,126.6125
2020-04-25,2020,23:56,저녁,토요일,서해 지방청,완도,완도 파출소,전라남도,완도군,군외면,원동대교 아래 해안가(육상) 달도 방향,해안가,,,침수,추락,34.39431389,126.6440333
2020-04-26,2020,20:28,저녁,일요일,서해 지방청,여수,나로도 파출소,전라남도,고흥군,봉영리,고흥군 동일면 봉남 갯마을,항포구,봉남 갯마을,,비침수,추락,34.48482222,127.4891556
2020-05-04,2020,15:00,,,서해 지방청,완도,완도 파출소,전라남도,완도군,청산면,전남 완도군 청산면 도청리 선착장,항포구,청산도항,선착장,침수,추락,34.18117222,126.8549694
2020-05-04,2020,13:02,,,서해 지방청,여수,돌산 파출소,전라남도,여수시,돌산읍,여수시 돌산읍 금천항 방파제,항포구,금천항,방파제,침수,추락,34.63709167,127.7245222
2020-05-06,2020,15:31,,,남해 지방청,울산,울산 파출소,울산광역시,남구,매암동,울산항 1부두(석탄부두) 대한통운부두 ,항포구,울산항,울산항 1부두(석탄부두),침수,추락,35.52853333,129.3759611
2020-05-11,2020,18:26,저녁,월요일,중부 지방청,인천,인항 파출소,인천광역시,중구,항동,인천 중구 남항부두 인근 ,항포구,남항부두,,침수,추락,37.44568889,126.6052806
2020-05-12,2020,12:58,오후,화요일,서해 지방청,목포,진도 파출소,전라남도,진도군,의신면,초평항,항포구,초평항,,비침수,추락,34.41223056,126.3364417
2020-05-21,2020,05:41,심야,목요일,남해 지방청,통영,통영 파출소,경상남도,통영시,산양읍,통영시 산양읍 달아항 선착장 ,항포구,선착장,,침수,추락,34.76555556,128.405
2020-05-31,2020,23:22,저녁,일요일,서해 지방청,여수,봉산 파출소,전라남도,여수시,삼일동,여수시 신덕동 신덕방파제 인근 해상 익수자 발생 신고,항포구,,신덕 방파제,침수,추락,34.82653056,127.7687417
2020-06-04,2020,14:35,오후,목요일,남해 지방청,통영,남해 파출소,경상남도,남해군,이동면,남해군 이동면 초음리,항포구,광두항,방파제,침수,추락,34.82816389,127.9442389
2020-06-26,2020,20:30,저녁,금요일,동해 지방청,동해,강릉 파출소,강원도,강릉시,강동면,강릉시 강동면 심곡리 심곡항 내,항포구,심곡항,항내,침수,추락,37.66558333,129.0531944
2020-06-29,2020,21:09,저녁,월요일,동해 지방청,포항,구룡포 파출소,경상북도,포항시,남구,구룡포항내 슬립웨이,항포구,구룡포항,,침수,추락,35.98975,129.5604667
2020-07-16,2020,23:38,,목요일,남해 지방청,통영,장승포 파출소,경상남도,거제시,장승포동,장승포항 거제수협 위판장 앞 해상,항포구,장승포항,거제수협 위판장,침수,추락,34.86720278,128.7294111
2020-07-26,2020,11:42,,일요일,남해 지방청,울산,방어진 파출소,울산시,동구,방어동,상진항 구 대행신고서 앞 해상,항포구,상진항,해안도로,침수,추락,35.48170278,129.4213861
2020-07-27,2020,20:19,,월요일,중부 지방청,평택,안산 파출소,인천광역시,덕적면,울도리,인천시 옹진군 울도선착장,항포구,울도항,선착장,익수,추락,37.02784167,125.9990639
2020-08-01,2020,03:47,,토요일,남해 지방청,통영,통영 파출소,경상남도,통영시,도천동,통영대교 옆 십오야장어숯불구이,해안가,해안도로,통영대교 밑,익수,추락,34.83283611,128.404325
2020-08-02,2020,19:01,,일요일,제주 지방청,제주,제주 파출소,제주특별자치도,,,삼양3동포구,항포구,,,비익수,추락,33.535,126.5930556
2020-08-08,자살,07:37,,토요일,중부 지방청,인천,강화 파출소,인천광역시,,,인천시 강화군 외포리 선착장,항포구,외포리항,슬립웨이,익수,추락,37.70044444,126.3811833
2020-08-09,2020,06:53,,일요일,남해 지방청,통영,노량 파출소,경상남도,남해군,설천면,고사 방파제 인근,항포구,방파제,,익수,추락,34.89164722,127.9249833
2020-08-20,2020,01:48,,수요일,서해 지방청,군산,비응 파출소,전라북도,군산시,오식도동,군산시 비응도동 비응항 수협위판장 앞 해상,항포구,비응항,수협위판장,익수,추락,35.93563333,126.5322028
2020-08-21,2020,18:27,,금요일,중부 지방청,보령,장항 파출소,충청남도,서천군,장항읍,장항읍 590-20 원수출장소 앞 해상,항포구,선착장,슬립웨이,비익수,추락,36.00057778,126.7216833
2020-08-23,2020,12:26,,일요일,서해 지방청,부안,변산 파출소,전라북도,부안군,변산면,가력도항내 3잔교 앞 해상,항포구,가력항,슬립웨이,익수,추락,35.726125,126.5289306
2020-08-30,2020,06:11,,일요일,서해 지방청,여수,녹동 파출소,전라남도,고흥군,금산면,고흥군 금산면 우두항 방파제,항포구,우두항,방파제,익수,추락,34.44994444,127.0996833
2020-09-06,2020,00:00,,일요일,서해 지방청,완도,완도 파출소,전라남도,완도군,신지면,동고리 대행신고소(신지로1220-84) 앞 선착장,항포구,동고리항,동고리 선착장,익수,추락,34.32477778,126.8818139
2020-09-07,2020,07:02,,월요일,남해 지방청,통영,사천 파출소,경상남도,사천시,동서동,사천시 삼천포구항 신수도 도선장 앞 해상,항포구,삼천포구항,신수도 도선장 슬립웨이,익수,추락,34.92670833,128.0647528
2020-09-15,2020,21:10,저녁,화요일,서해 지방청,여수,봉산 파출소,전라남도,여수시,화양면,동방 약 70미터 도로변,해안가,해안도로,,침수,추락,34.7279,127.5620222
2020-09-18,2020,06:56,,금요일,남해 지방청,통영,고현 파출소,경상남도,거제시,둔덕면,학산 마을 학산항 방파제 앞 해상,항포구,학산항,방파제,익수,추락,34.85581389,128.4761722
2020-09-23,2020,12:15,,수요일,남해 지방청,부산,다대 파출소,부산광역시,사하구,다대2동,낫개항 옆 도로,항포구,낫개항,방파제,익수,추락,35.05727222,128.9782222
2020-09-29,2020,06:33,,월요일,중부 지방청,평택,평택 파출소,충청남도,당진시,신평면,충남 당진시 맷돌포구 선착장 2/3 지점,항포구,맷돌포구,선착장,익수,추락,36.90993889,126.8149917
2020-10-02,2020,13:47,,금요일,중부 지방청,보령,오천 파출소,충청남도,보령시,오천면,오천면 수협 앞 슬립웨이,해안가,오천항,선착장,익수,침수,36.43910833,126.5194889
2020-10-07,2020,05:54,,수요일,제주 지방청,서귀포,서귀포 파출소,제주특별자치도,서귀포시,송산동,서귀포항 5부두,항포구,서귀포항,5부두,비익수,추락,33.23648333,126.5676667
2020-11-10,2020,07:09,,화요일,남해 지방청,통영,노량 파출소,경상남도,남해군,설천면,남해군 설천면 진목항 방파제 앞 10m 해상,항포구,진목항,방파제,익수,추락,34.88813889,127.9176778
2020-11-11,2020,06:00,,수요일,동해 지방청,속초,속초 파출소,강원도,고성군,토성면,아야진 남방파제,방파제,아야진항,방파제,비익수,추락,38.27115278,128.5579278
2020-11-17,자살,16:50,,화요일,중부 지방청,보령,오천 파출소,충청남도,보령시,천북면,충남 보령시 천북면 나룻개길 80 블루오션 팬션 앞,해안가,천북항,해안도로,익수,추락,36.44431389,126.5204
2020-11-25,2020,14:45,,수요일,서해 지방청,완도,마량 파출소,전라남도,완도군,금일읍,충도 선착장앞,항포구,충도항,슬립웨이,익수,추락,34.37879444,127.0732167
2020-11-30,2020,05:48,,월요일,중부 지방청,인천,하늘바다 파출소,인천광역시,,,을왕리해수욕장 이모네 조개구이집 앞,해안가,해수욕장,해변,비익수,침수,37.44586944,126.3736083
2020-12-16,2020,11:11,,수요일,남해 지방청,통영,통영 파출소,경상남도,통영시,항남동,통영시 항남동 해수랜드 앞 해상 차락추락 발생,항포구,해안가,해안도로,비익수,추락,34.84195833,128.4247889
2021-01-14,자살,00:13,,,제주 지방청,제주,제주파출소,제주특별자치도,제주서,,도두유람선 물양장 북쪽 끝단 약 100m 해상,항포구,도두유람선,소형선 부두,침수,추락,33.506675,126.4658861
